,mean,std,class
0,0.0,0.0,1.0
1,8.562186412262818,18.52357630187773,0.0
2,3.3812491849493136,10.525838249298252,0.0
3,2.6480260640152657,6.982882408933487,0.0
4,4.905081417282663,12.756601291414093,0.0
5,6.43938851085593,10.202184411989228,0.0
6,0.21213203435596428,0.29344694769431684,0.0
7,1.1285273026769334,0.8719144660746833,0.0
8,6.154621979195553,13.747688625243306,0.0
9,0.5772882033491751,0.8578103952439164,0.0
10,1.7027938918001913,1.6626862447578064,0.0
11,1.586699931246173,3.694391535752283,0.0
12,0.41919417382415924,0.3205374854510656,0.0
13,23.099137364465445,39.9655860753056,0.0
14,4.184463394062206,13.490794341564248,0.0
15,6.382908848722132,11.417312758694141,0.0
16,9.715479065007823,13.147213710941244,0.0
17,4.473389299733409,6.536678644004521,0.0
18,5.860555586487645,12.917934251233685,0.0
19,7.453122914669243,11.689735939583594,0.0
20,2.39814438527181,11.233975779734786,0.0
21,1.6029381579560236,3.5466454660052316,0.0
22,0.5468085040052061,0.4027799210276837,0.0
23,0.9434259696231353,1.5895160893598559,0.0
24,0.7159415253899004,0.9051873545922735,0.0
25,0.7425991379203675,0.7609663465225585,0.0
26,4.1102496350638145,10.495110867111705,0.0
27,10.342234010581581,18.686951646963887,0.0
28,1.3884375041984285,1.6581895620402933,0.0
29,1.2747548783981961,1.8027756377319946,0.0
30,1.2326390911914724,4.239390484948285,0.0
31,4.845333963766193,9.42957665126517,0.0
32,0.9834672801116301,1.5019053745672113,0.0
33,0.47042859766332057,0.49305964150482445,0.0
34,4.345837040660715,3.876466939950859,0.0
35,2.717324633856926,8.343386017904288,0.0
36,0.9739873390316802,1.1712983616291954,0.0
37,3.7252234398369524,10.155558971530432,0.0
38,0.25,0.3535533905932738,0.0
39,2.834689114798116,9.24826174770178,0.0
40,0.22764068239734228,0.32142144784722243,0.0
41,0.0,0.0,1.0
42,1.876778975045148,7.422270998036654,0.0
43,2.4895125292568387,7.595844931042188,0.0
44,1.4120973040713831,3.361943896090596,0.0
45,0.7678781382910725,0.7780763423909044,0.0
46,2.376449005561718,9.06272769923255,0.0
47,4.894342317692071,12.579616340896209,0.0
48,2.9464614874946617,8.336089563659197,0.0
49,1.408766668689254,4.618673824176145,0.0
50,2.1235777673674154,7.341478412406083,0.0
51,3.139560325394267,9.82985792751898,0.0
52,0.6399403651671633,0.9649219014519284,0.0
53,7.154911425277534,17.95725013504481,0.0
54,1.382381806716805,2.1673840779055444,0.0
55,0.2677515703115669,0.38654152769517625,0.0
56,0.8003905296791061,1.1319231422671772,0.0
57,1.7759208324720746,2.5390413162518843,0.0
58,4.721278332239554,14.160550523385544,0.0
59,0.25,0.3535533905932738,0.0
60,3.6725280463279413,11.582554933617086,0.0
61,1.2621756140368485,1.6245819654779874,0.0
62,0.6131156934216194,0.35214534160582595,0.0
63,2.9155588244422104,8.079860757628227,0.0
64,1.006558262343513,2.287619927362663,0.0
65,2.6211427105920575,4.7731788364562355,0.0
66,1.3586993278768253,3.244516130996471,0.0
67,0.6520477913595027,0.8089666401617077,0.0
68,0.2594267592760964,0.5861329249281362,0.0
69,0.3373773447853214,0.26657145175852764,0.0
70,0.0,0.0,1.0
71,2.6411512840712725,10.015732666743293,0.0
72,0.5055053412957038,0.6515401091498715,0.0
73,2.3668312767958257,8.397753918585034,0.0
74,0.5376584498560777,0.4169094774842113,0.0
75,0.9771273945298943,3.398803323741041,0.0
76,1.3824689583346492,2.79931529998472,0.0
77,1.2606602993967342,4.357638214182597,0.0
78,0.4690822668887535,0.3449290016606813,0.0
79,4.543666619687619,7.849741462255569,0.0
80,1.4725441877172167,3.0701418788435846,0.0
81,20.144851164301663,33.61620343667852,0.0
82,2.5188309448665422,7.238503457367951,0.0
83,0.25,0.3535533905932738,0.0
84,1.2475761718307363,5.139355159112697,0.0
85,1.6295894220647327,5.717441959586993,0.0
86,0.28846153846153844,0.24677405839641228,0.0
87,0.7814210848669059,0.5340930986839337,0.0
88,2.031022426920702,5.286577543799474,0.0
89,3.0671857213169686,10.510440675871427,0.0
90,0.9332153992258817,2.7461877942698774,0.0
91,0.3565001976007844,0.35038074600574004,0.0
92,2.360436262764331,6.295754040189289,0.0
93,2.3567145017346656,5.163433023434913,0.0
94,0.03333333333333333,0.05773502691896258,0.0
95,0.6241533149522032,2.0311538748446756,0.0
96,5.843108446399817,11.34436161537394,0.0
97,1.2858832772423656,3.2812752054683623,0.0
98,2.325173880820115,5.719546290530062,0.0
99,1.0034180721329908,2.0769734109704774,0.0
100,0.5771601883432528,0.421138511940521,0.0
101,0.5001610500741721,0.5682359250686355,0.0
102,3.744559499413677,8.653863804017663,0.0
103,0.4559503767325859,0.33412904073128186,0.0
104,2.1439535676907466,6.814832995734096,0.0
105,2.7889066219349634,8.392338496357599,0.0
106,1.01898909419994,4.492425072471807,0.0
107,2.342424899201438,7.880291625411542,0.0
108,0.4237932203665431,0.44908313692466717,0.0
109,5.849803086317897,10.627015396320228,0.0
110,0.32032412018254575,0.28556989138396777,0.0
111,1.7829224334490632,4.255458364892555,0.0
112,0.5969824312974076,0.8056232293432356,0.0
113,3.443696716143817,10.434031956414044,0.0
114,3.1812458398239674,10.39287592825016,0.0
115,4.09357276357403,6.84122856642857,0.0
116,3.0033743000952526,9.155576604075994,0.0
117,1.318509033483822,3.411031145748447,0.0
118,0.42822475511229896,0.3501960706502884,0.0
119,1.1116785303708554,1.3626004710266635,0.0
120,2.3695498758539357,6.126823525879153,0.0
121,2.3566358819286632,5.5465219389065235,0.0
122,0.5180441831475032,0.36604540503508887,0.0
123,3.337412673742558,10.059755167041098,0.0
124,0.8033904087374364,0.6698581242852977,0.0
125,1.344061014287573,3.9078824404499546,0.0
126,0.360374052221291,0.31489281608676895,0.0
127,2.922503245131745,7.025581859940214,0.0
128,1.657698653579871,4.65519456159857,0.0
129,3.0480180860076023,7.64649976443022,0.0
130,2.189081070218903,4.6102844692421705,0.0
131,1.7267012690686647,2.2795413436738383,0.0
132,0.4953256656815192,0.4350361494041007,0.0
133,1.3934560955359678,8.362133993817913,0.0
134,2.2156469329519797,5.124843697325484,0.0
135,1.2453869723211768,3.250486098022934,0.0
136,1.0452903141373555,1.25880555564932,0.0
137,2.577982198302689,8.157732567163198,0.0
138,6.7717826027913715,12.160548847196564,0.0
139,1.7910986665430273,4.677094515258022,0.0
140,0.25078794180393177,0.26366087621513074,0.0
141,0.5,0.7071067811865476,0.0
142,0.8118682034478703,1.6310280824029604,0.0
143,1.7119916530587291,1.6224188848269006,0.0
144,0.08333333333333333,0.14433756729740646,0.0
145,2.1626932646237838,6.315803077442928,0.0
146,3.6731498490905348,12.427014728354717,0.0
147,1.266107321177504,3.755254647399301,0.0
148,1.1205771488552294,3.2985854497111684,0.0
149,0.6581704022131267,0.6257544083838243,0.0
150,2.1930479572531665,5.751398204158209,0.0
151,0.5109417857705159,0.8670742859728761,0.0
152,0.4060526729356068,0.3024121576094891,0.0
153,2.2445460383566362,5.860986267661597,0.0
154,0.4694768214436577,0.5812007418310318,0.0
155,1.0738768882709855,1.3213574596023523,0.0
156,0.49582602878488624,0.6099818130507518,0.0
157,2.282505753924309,6.287461483395929,0.0
158,0.9476423537605237,1.0851875225718455,0.0
159,1.5659454501682495,3.4464179095565584,0.0
160,3.570018498500975,8.949497625669583,0.0
161,0.05535533905932738,0.08051231612016656,0.0
162,1.7044270018141179,5.726170522598458,0.0
163,1.3933557040614788,3.6518849010059222,0.0
164,0.23701298701298704,0.38342400926077547,0.0
165,0.819881972558888,1.8987537354071358,0.0
166,0.33826735376052375,0.4015416290246923,0.0
167,1.1338654692248704,3.1864609050853883,0.0
168,2.6647534572368405,6.77377257217635,0.0
169,1.6295922647667822,1.0753208175864186,0.0
170,0.4295299017759095,0.4962112192004938,0.0
171,0.21428571428571427,0.26726124191242434,0.0
172,1.3769646163052671,4.880421791591406,0.0
173,0.49433499769337824,2.03964749044279,0.0
174,0.4070970012552065,0.3182096295928333,0.0
175,1.194290418863195,6.3812972217217885,0.0
176,0.39810890723002457,0.5902122510515452,0.0
177,4.17361246514804,9.919646820234464,0.0
178,0.8334253292597791,2.052809070691904,0.0
179,1.921545647061699,5.197353970513685,0.0
180,1.733496492863926,7.31413692918284,0.0
181,0.5590169943749475,0.7905694150420949,0.0
182,1.9368196177267838,3.935886489709194,0.0
183,1.178599819361375,1.2059737151241974,0.0
184,0.23570226039551587,0.408248290463863,0.0
185,0.3006428356270821,0.31500184909452794,0.0
186,1.3338923334507446,2.6396914970893484,0.0
187,1.6140496887461386,5.499947994122543,0.0
188,0.5210668145576238,0.8404973895346537,0.0
189,0.25,0.27386127875258304,0.0
190,2.687618410921098,7.008464458570062,0.0
191,0.0,0.0,1.0
192,0.9502759166755622,1.87590163709259,0.0
193,0.9282639670729438,2.7214151763708836,0.0
194,0.6926301922485691,1.2025931930277685,0.0
195,2.1251790734384084,4.320976713214566,0.0
196,0.550303219411309,2.946599079334295,0.0
197,0.8457888140656286,1.5173756450128089,0.0
198,2.3035811440817437,5.326493368066314,0.0
199,0.9933134693514717,3.916358238974634,0.0
200,0.48137793974599785,0.6213922993067816,0.0
201,0.8012326255503608,2.9698570993802393,0.0
202,0.6170439208394648,0.9374073651005089,0.0
203,0.9204661509947307,2.3282564197936573,0.0
204,4.392459959058359,7.435717092385558,0.0
205,1.8122815508519188,5.669969909055485,0.0
206,1.1166950208755957,4.178169785388355,0.0
207,12.549757029087914,22.521321685414648,0.0
208,1.7464596303617725,3.467435247271396,0.0
209,0.45736645673704446,0.7573260394257679,0.0
210,1.0935279123720287,1.421630190861398,0.0
211,1.6045057667054172,5.802369499882008,0.0
212,0.6628395988850454,1.4997960784001458,0.0
213,2.5301535225711564,6.187809311820266,0.0
214,0.3175550143149851,0.281420279038408,0.0
215,0.5181405594852492,0.7665154895223018,0.0
216,1.3873828050701604,4.493490494592768,0.0
217,0.49999110886075565,0.7666632768585349,0.0
218,0.5704619738123766,0.4932238624482277,0.0
219,0.40519152556241345,0.22505957072216345,0.0
220,1.080966771829342,1.2580567668154181,0.0
221,0.2581739454388795,0.5504996257185205,0.0
222,0.5917711958184128,1.2456352916535935,0.0
223,0.25,0.3535533905932738,0.0
224,0.7514340341084061,1.468806287427993,0.0
225,0.3806019374818707,0.508018233973172,0.0
226,1.2062786884592187,3.8428645757776816,0.0
227,1.2798297631471076,3.9749416393351527,0.0
228,2.5343952176045916,7.145422667130984,0.0
229,1.8760371453877407,5.806121432753623,0.0
230,0.3469093839468657,0.3036982984313517,0.0
231,0.16449944388692134,0.22114417467331254,0.0
232,0.8478736569048566,0.8387594328964361,0.0
233,1.0594164323813102,3.2550185644104057,0.0
234,0.7905694150420949,1.118033988749895,0.0
235,0.39236315778416286,0.3911812331181522,0.0
236,0.3434873253856805,0.5422273245370905,0.0
237,1.0105279925553803,2.4856408436559714,0.0
238,1.5549471780390394,5.772520109169782,0.0
239,2.1402431214579085,1.8521436078655773,0.0
240,0.7622590325035866,0.6079615992523535,0.0
241,0.5221752684745402,0.5342324209095154,0.0
242,0.4157795276924614,0.36779794505110897,0.0
243,2.1809622863185916,4.4183468292260155,0.0
244,0.25,0.3535533905932738,0.0
245,0.6833386468494514,1.0752305145299403,0.0
246,0.36534548472294937,0.28642730889534324,0.0
247,0.8778534346795915,1.8065893599230853,0.0
248,0.8145848403956392,2.7688937224866903,0.0
249,0.9847583885122171,3.2367810376031625,0.0
250,1.4162035277065355,4.676666057505399,0.0
251,4.748469509042154,10.355101889457758,0.0
252,1.51843496163636,7.366795011758179,0.0
253,0.5235279598379338,0.4590811550245168,0.0
254,1.8221326310979447,6.677990991734888,0.0
255,0.43712489623810047,0.29795280278484454,0.0
256,0.4541948471701423,0.5343874169196214,0.0
257,1.8201611655005108,6.059877782055374,0.0
258,1.3766531245609956,6.5390114349190815,0.0
259,0.9820831409411181,3.16470373490726,0.0
260,0.16655600934422107,0.26621805073828886,0.0
261,0.3036841199519144,0.39475361195073466,0.0
262,3.279806669490439,6.7552377703889,0.0
263,2.662788292881577,6.6893298671738375,0.0
264,0.20268962429686843,0.2639647107418378,0.0
265,1.5311877109199694,3.3026088760632453,0.0
266,0.375,0.25,0.0
267,4.742441013829382,14.233710723448013,0.0
268,0.47262856525360514,0.39631078841576894,0.0
269,5.328130360062442,14.551920882102342,0.0
270,1.1509648436430073,2.179096774941967,0.0
271,2.3942130926076493,8.32896353325295,0.0
272,2.54370787218324,11.54910369040296,0.0
273,3.577094033382884,14.722517045432033,0.0
274,3.604560767108607,11.17392723314055,0.0
275,0.42522201634080475,0.5331223584956135,0.0
276,1.1345077019784582,3.5973777533094835,0.0
277,1.6001287960412476,2.5465261997343465,0.0
278,2.9139060524095006,7.749925553389129,0.0
279,0.2607303626136268,0.3625901899010829,0.0
280,0.9792112052968533,4.577314492036925,0.0
281,1.3767898508540426,4.713473170761375,0.0
282,0.5,0.7071067811865476,0.0
283,1.3312765920460652,2.3134870467053124,0.0
284,6.475718320136227,15.433983288170781,0.0
285,0.08333333333333333,0.11785113019775792,0.0
286,0.0,0.0,1.0
287,0.4347221236218272,1.676478372502998,0.0
288,1.1475400762286778,3.5055751295997344,0.0
289,1.1851458351853212,6.302103806158969,0.0
290,1.23785953762889,2.452663793229743,0.0
291,0.7128470953504535,0.8720777963448477,0.0
292,0.6293639419599223,1.7563408830510967,0.0
293,1.7675609867025461,4.013404421846813,0.0
294,1.3517252130713417,7.036685095131656,0.0
295,2.526028219714379,7.285573188911291,0.0
296,2.066215653362397,5.808021708670619,0.0
297,1.254384325205045,5.136535794136686,0.0
298,2.1892247729567345,5.448725503095716,0.0
299,1.9289044121917085,5.073311114534843,0.0
300,0.36520682646102354,0.39314280344359287,0.0
301,0.5612745662491018,0.5503644737680974,0.0
302,0.28090169943749477,0.2551562380911119,0.0
303,2.8375988282332734,12.10775740902601,0.0
304,0.3535533905932738,0.5,0.0
305,1.3659036588621922,4.407700493680599,0.0
306,0.40236892706218247,0.3635228600820615,0.0
307,0.5694011342255848,0.6604903178597319,0.0
308,0.885554265939115,0.911946365042157,0.0
309,1.1347750658416227,5.608727267225971,0.0
310,1.4019415456596411,4.866258130052583,0.0
311,0.1875,0.22160131510697959,0.0
312,0.22091165112795702,0.29946278658051556,0.0
313,2.278962128657162,6.661637976381295,0.0
314,2.3157347134981467,8.082885538925447,0.0
315,0.41640720371253886,0.38055944650495316,0.0
316,1.4595705121684748,5.105682223632185,0.0
317,2.56222437285774,6.0369690452102285,0.0
318,0.2,0.2738612787525831,0.0
319,0.7134469667567271,1.1861945212930645,0.0
320,0.40236892706218247,0.3635228600820615,0.0
321,0.3579940024660463,0.3487957600205795,0.0
322,0.41205673268142573,0.42097885812556196,0.0
323,2.125627595507482,7.59726325899954,0.0
324,2.001083750987892,5.416002365114552,0.0
325,1.691955271804982,4.3663896762149825,0.0
326,1.012399565249787,2.921898485240448,0.0
327,0.0,0.0,0.0
328,0.7347026381733276,0.7365340272296975,0.0
329,1.233025601191056,2.942617107400829,0.0
330,2.393100263261289,5.297722001994276,0.0
331,0.4964404771832187,0.5726104220110739,0.0
332,0.7724772125052995,0.674867260447381,0.0
333,0.9929870884115141,2.696776442900227,0.0
334,0.21785113019775793,0.21980672243664046,0.0
335,0.3914273754568658,0.5287698861601345,0.0
336,0.9781009662656991,1.2718942235573474,0.0
337,0.0,0.0,0.0
338,0.8018009721464983,1.1897516801471362,0.0
339,1.3018801784607927,5.053409979168341,0.0
340,0.9979232206650077,2.5387251520334493,0.0
341,1.6421535865665755,6.704786393778907,0.0
342,4.543712793169727,5.051129895990749,0.0
343,2.047321760143551,7.415047175042593,0.0
344,0.16666666666666666,0.2886751345948129,0.0
345,2.0462747660244354,2.6126267203200895,0.0
346,0.7594213964805304,1.8847383567365497,0.0
347,0.46327633100427595,0.584495293866146,0.0
348,0.30833837035166084,0.43904073252023823,0.0
349,0.7357068691339581,0.6621202065653382,0.0
350,0.30687071700949264,0.32687781125973947,0.0
351,2.994602529627381,5.754891870184232,0.0
352,0.8478316246071689,1.8568832961862132,0.0
353,2.852499848659022,4.085398343075717,0.0
354,0.32618446353109126,0.25641662635981,0.0
355,15.242222975448492,17.604647309653217,0.0
356,0.25,0.3535533905932738,0.0
357,3.056753821073791,12.749174339610727,0.0
358,0.46573540079047665,0.37776787785152816,0.0
359,1.575002446038459,6.524910449095775,0.0
360,1.058154969125724,0.9555951702178859,0.0
361,3.846710615363726,2.2776797224239593,0.0
362,0.2532787219097193,0.3536901895108931,0.0
363,0.11675212429686843,0.2993774722714562,0.0
364,2.2638462845343543,3.2015621187164247,0.0
365,0.5724526014068229,0.6818348659177201,0.0
366,0.0,0.0,1.0
367,0.40802971123110754,0.4894526455892954,0.0
368,0.4977301484021961,0.4341079763951242,0.0
369,0.3190206273162163,0.30589601134884603,0.0
370,0.46431030791089634,0.5950024049711455,0.0
371,0.7435212131000438,3.150378575589988,0.0
372,1.0022467007359532,3.239576647162044,0.0
373,1.7071025980813967,6.235367467047849,0.0
374,4.2772921091292115,13.399502946934113,0.0
375,1.5333747976067278,6.69089346797109,0.0
376,1.6986279863880818,4.645475057652989,0.0
377,0.5935437513632585,2.8278462193932308,0.0
378,0.4625265694270285,0.42892361423954684,0.0
379,0.7035909939912572,0.6992885819834086,0.0
380,3.2882513359006986,13.066730050964553,0.0
381,0.8908524573769853,3.521161512733512,0.0
382,0.8420612061050028,4.129482085465473,0.0
383,0.253033008588991,0.31780383655266564,0.0
384,3.7675192457352473,7.683958627409475,0.0
385,2.3455028340152984,7.037269865222499,0.0
386,1.187521829501729,5.037514204633654,0.0
387,0.3194444444444445,0.3815781071443327,0.0
388,1.97563865595397,6.165313999072137,0.0
389,1.0670532022010422,4.992185873566315,0.0
390,0.3801007289530194,0.5014779275658011,0.0
391,2.14546898614221,8.476221054931546,0.0
392,0.5072010502108366,0.601649822302646,0.0
393,0.382842712474619,0.35956824370534346,0.0
394,0.7446423745183709,1.5255927935108409,0.0
395,0.6261375517148888,0.9283290900438473,0.0
396,0.8296091659831696,1.8216296962315155,0.0
397,0.3945892935149565,0.3476257255558525,0.0
398,5.496200454046599,13.54875924602811,0.0
399,0.4209250864757991,0.46226473632728854,0.0
400,0.6458513331905041,0.9159619502435362,0.0
401,0.5145233183061768,1.015599310385603,0.0
402,2.423678551618476,5.285389900618986,0.0
403,0.0,0.0,0.0
404,0.7027515306354714,3.0999677154998992,0.0
405,0.4807085912479054,0.5017682024713319,0.0
406,2.551239542912249,9.129540881424285,0.0
407,1.2982215479093095,4.785478807118771,0.0
408,0.4129810629513873,0.3155391659942089,0.0
409,0.43493039724179583,0.41171944788497905,0.0
410,3.282044524537705,6.8664402795660635,0.0
411,0.5500976643076757,1.6103695062730121,0.0
412,0.9040671838754727,2.7041982324231255,0.0
413,1.4048979762587368,5.75810141028868,0.0
414,0.6896551173379492,1.6180492971406888,0.0
415,0.8946570834020366,2.787548832855945,0.0
416,0.624988487136625,0.4494796156140639,0.0
417,0.9602869725669628,2.882280890623659,0.0
418,0.21844336196330355,0.33511578508253653,0.0
419,1.141963004046318,3.0877313049658626,0.0
420,0.25,0.3535533905932738,0.0
421,0.37448279635406184,2.058285573650995,0.0
422,0.125,0.1767766952966369,0.0
423,0.35808361375819536,0.407714690939274,0.0
424,1.134938871113363,2.74668157331204,0.0
425,0.3995093791412857,0.5864239914519684,0.0
426,2.175870437824363,8.019637006671452,0.0
427,0.506353053872257,0.429140412660953,0.0
428,0.5974716001898812,2.8962155203682958,0.0
429,0.625,1.25,0.0
430,0.5201766977956711,0.37436387754898864,0.0
431,0.5077367957801877,0.3276181303823749,0.0
432,1.2249698750565938,4.487044401507434,0.0
433,1.7307271730321645,5.866258139758094,0.0
434,0.7703991192723806,0.5864485242965422,0.0
435,1.0687264031124903,5.105077757177491,0.0
436,0.09627427221590432,0.21460286801491668,0.0
437,0.7984538005998038,2.7934905818277236,0.0
438,0.7430605936494049,1.1608098650783836,0.0
439,1.2928771849015177,6.618759427277708,0.0
440,0.21031655531057075,0.22345611544305066,0.0
441,0.6602530922988769,0.6890424698572856,0.0
442,1.1413898140087582,3.702640232025249,0.0
443,0.4295018173099329,0.45261027933296094,0.0
444,0.3380010948994448,0.2728300002336346,0.0
445,0.6812460488580928,0.7407024643227806,0.0
446,0.6728107543564081,1.9447987156973503,0.0
447,1.0686410606780135,4.378329368519599,0.0
448,0.5293479862608329,0.6818872888964327,0.0
449,0.26666666666666666,0.23124061542519345,0.0
450,4.279659682412264,10.077976989533964,0.0
451,0.6009252125773316,0.8498365855987975,0.0
452,0.2027516074122051,0.33595507306681377,0.0
453,3.3701506200275864,10.583454101839544,0.0
454,7.001405557373982,12.704509283819185,0.0
455,1.1118632954155048,4.588110793774775,0.0
456,0.16763440769432864,0.2752719629225804,0.0
457,1.5201686429660721,3.9181998172552412,0.0
458,0.27899440454745095,0.4906770652442489,0.0
459,0.21137643363058567,0.3883967090954506,0.0
460,0.2890255096468796,0.3245191231400538,0.0
461,1.2515962225750452,3.6333729353290476,0.0
462,2.7900313664776455,4.248728266921564,0.0
463,0.600119685461334,0.6251993168383997,0.0
464,1.2888428101729617,6.328030977985662,0.0
465,0.125,0.25,0.0
466,1.9544418444439686,3.683910123622938,0.0
467,3.278488168856522,6.2866546720857395,0.0
468,0.5788740222091265,1.0010808899441,0.0
469,1.0931913746390627,3.9950559697234675,0.0
470,0.21970298204960975,0.25759783939417014,0.0
471,0.4709507824507424,0.7992218614775102,0.0
472,0.3623300522094619,0.4107231003527249,0.0
473,0.11923076923076924,0.21750331562459527,0.0
474,0.0,0.0,1.0
475,1.2679815752140904,5.449003687530053,0.0
476,2.5251026670903354,5.1921931658991785,0.0
477,1.2202987201507873,3.273633154104906,0.0
478,1.2448331254386706,4.458112307910292,0.0
479,0.9969009160137721,5.911247570428114,0.0
480,0.8019850815742622,1.969781368001245,0.0
481,1.930733832730942,6.136308880503965,0.0
482,0.7082587407955254,0.5538634746141117,0.0
483,0.4099538808792527,0.3559526132818755,0.0
484,1.9776757081886303,5.275289854972292,0.0
485,2.2423378735698387,5.533005279160358,0.0
486,1.5394575850530314,2.7984165667377163,0.0
487,0.9686467892645976,2.7429315388068716,0.0
488,0.7187847758543561,1.829855912427504,0.0
489,2.9927377178544736,7.067507155414485,0.0
490,1.0184143682165252,3.302084616239686,0.0
491,0.9124719654808741,1.590793163577084,0.0
492,1.7384163500356402,2.5782885983048054,0.0
493,2.2293819998675866,5.043902232413106,0.0
494,0.3535533905932738,0.5,0.0
495,1.220176143878693,4.27668127597955,0.0
496,0.4621657401344573,0.506380562015636,0.0
497,0.44394887519652415,0.3538832598692042,0.0
498,4.242814907604977,7.501409358450666,0.0
499,0.5373385657408815,1.0769312189462377,0.0
500,0.6083802566454808,0.5655176345490638,0.0
501,0.26516504294495535,0.33850160019316505,0.0
502,2.892893802253174,4.851228595635521,0.0
503,1.0406414570337204,1.1754499008807349,0.0
504,2.1734072930929753,7.9943964873143045,0.0
505,6.241648273088658,11.043946458547628,0.0
506,0.37276921306233685,0.3561176217225571,0.0
507,0.4665634227709955,0.4380289150023435,0.0
508,0.34411594520203365,0.3364132132933877,0.0
509,2.0207380244826307,2.9582897927933303,0.0
510,1.9498928847078825,7.717485272337256,0.0
511,0.6642232274255144,0.4405974823246833,0.0
512,0.5087141249717989,0.4654822031355754,0.0
513,2.1940057170486047,6.805279904257816,0.0
514,1.1565950381139345,0.9941787034618028,0.0
515,1.6065022614689672,3.888594611987169,0.0
516,0.5273905994098813,0.3410305552522401,0.0
517,0.5289979464924613,0.507681528516355,0.0
518,0.4323404999621652,0.4805643998528663,0.0
519,0.9837842043511709,1.3976581985584018,0.0
520,3.131532174893485,10.790401441483677,0.0
521,1.5104491132919144,1.4680345947770823,0.0
522,3.590939235752975,11.350220366294051,0.0
523,3.455738294233496,5.820414535534889,0.0
524,1.159026810252322,4.084678931328845,0.0
525,0.43937759343765415,1.4872482497844361,0.0
526,1.5459731277660647,5.718685075443053,0.0
527,1.4978900864988989,4.722613292195317,0.0
528,0.9676137997029591,5.0097589187311735,0.0
529,0.9483406393118917,0.7861895994926984,0.0
530,0.6235835115308418,0.4073506429602182,0.0
531,2.799966125950087,7.482746026927062,0.0
532,2.745807745272872,6.6208541506219944,0.0
533,1.7101219600827227,4.636332186759195,0.0
534,0.8199069649947422,2.268972459963826,0.0
535,0.3619521085265969,0.3215161395869866,0.0
536,0.5387306937708739,0.40300664578130957,0.0
537,0.3848361657291579,0.33341395326674633,0.0
538,2.485249622485836,7.966373863001705,0.0
539,0.763523138347365,0.7689655983851581,0.0
540,1.991185990043135,6.406730033186286,0.0
541,0.7841335973900583,1.8076868939727984,0.0
542,1.9984625920693673,4.304247574613802,0.0
543,0.27588834764831843,0.2105884442283276,0.0
544,0.5590169943749475,0.7905694150420949,0.0
545,4.400940505466619,15.55987536472539,0.0
546,2.2376703417083337,6.172427659716553,0.0
547,0.8033498163314222,1.5282749050177928,0.0
548,1.132076987215986,3.7710408448291584,0.0
549,0.7731938686475349,4.269313461897908,0.0
550,2.5277771159656766,7.189330593566396,0.0
551,0.4321836679409132,0.27630696513548214,0.0
552,0.2916666666666667,0.24579802006254378,0.0
553,2.3856864758223195,7.240940214300334,0.0
554,1.1648351523242564,0.9769442370535968,0.0
555,0.9303556978505819,2.0588040527519578,0.0
556,2.516978825857974,8.712260151142694,0.0
557,0.7576890783959939,1.0219641663083003,0.0
558,1.9434281369584636,6.115509272730812,0.0
559,0.5647008344480452,0.44031443373505896,0.0
560,3.2429350499406095,11.308964847197421,0.0
561,2.552079281585182,9.497124949194998,0.0
562,2.456708846034287,6.954569997109963,0.0
563,1.6670476065274673,4.84293147617747,0.0
564,0.8310188987726543,0.7035239471254758,0.0
565,2.3574177015551068,4.504143849766409,0.0
566,0.38476310425576754,0.29648672799927156,0.0
567,0.6959449167258972,0.8942031065025338,0.0
568,0.3470177968644246,0.26668216736638606,0.0
569,0.08838834764831845,0.125,0.0
570,2.2416882239731843,10.970133635705862,0.0
571,1.2346713543217291,4.135412035743983,0.0
572,0.38729475300995386,0.36649743014435304,0.0
573,0.05555555555555555,0.09622504486493763,0.0
574,0.9230876374607018,1.0946393335550288,0.0
575,0.08194382824999699,0.1166578856532078,0.0
576,2.477714499165352,4.166451851809954,0.0
577,1.3202038508785492,3.832338851854871,0.0
578,0.4234066857533134,0.2678714724766697,0.0
579,1.1406793779748965,1.728845006287353,0.0
580,2.2980783894973924,2.6752996994889098,0.0
581,1.1162736566985527,0.8589527233196653,0.0
582,2.8662207387531558,5.445969332758614,0.0
583,1.126346376814191,2.94048044530504,0.0
584,0.125,0.1767766952966369,0.0
585,0.125,0.1767766952966369,0.0
586,0.7449499271889493,1.4210135147274185,0.0
587,0.7277969832287722,1.2335230346757617,0.0
588,0.8306236636589368,1.5746829991867954,0.0
589,4.197059911804206,13.405601168781223,0.0
590,0.6435646169535378,0.6857267724480008,0.0
591,0.7087893055256267,0.49231661031210905,0.0
592,0.0,0.0,1.0
593,2.869821944834319,3.737891638146354,0.0
594,1.4717736481860955,1.8555429621617032,0.0
595,4.512787921239018,5.276031820900979,0.0
596,11.053880272664708,15.005534087702552,0.0
597,0.9214369175900425,0.7871526627379424,0.0
598,2.4933462855421604,2.5478523606919548,0.0
599,1.8949986973382926,2.3405351241131527,0.0
600,3.4284549467252603,3.6707420904314945,0.0
601,4.91232636852107,8.944242503867246,0.0
602,6.919470150673166,7.884362685486205,0.0
603,6.567772125583249,8.402195842733448,0.0
604,1.118033988749895,1.5811388300841898,0.0
605,1.711575178724385,1.7674755307197252,0.0
606,6.164714582352432,6.618403672025264,0.0
607,1.0098158889936566,0.6259938930436502,0.0
608,0.0,0.0,1.0
609,0.42284939013753353,0.44867233813925783,0.0
610,0.913563485460333,1.5057273575219188,0.0
611,1.4920880170700448,3.2147534128777226,0.0
612,1.019963841308085,5.817780102320864,0.0
613,1.6214361962021544,2.214160880526399,0.0
614,2.019058241096403,5.2082741610722305,0.0
615,1.989502178260839,10.015769310407162,0.0
616,0.552228391207408,0.5946965581337957,0.0
617,2.0988975291856358,4.842587692421763,0.0
618,0.6689409108958873,0.7645092358192171,0.0
619,1.5113552627648301,5.378465322514815,0.0
620,3.489197020083357,9.755406613879158,0.0
621,0.4536148009372175,0.30168223828131396,0.0
622,0.6420368228226506,2.205631395657472,0.0
623,0.3190355937288492,0.35857277490227984,0.0
624,0.32054552422458493,0.34370657392304776,0.0
625,1.1767347818009097,4.0342322942333615,0.0
626,0.5088792196136487,0.38531243530799186,0.0
627,0.4761423628038886,0.40895580578081797,0.0
628,0.12261704339925264,0.19435326920720686,0.0
629,0.7476927240218046,1.1615655083964462,0.0
630,0.2851364184463153,0.24763997322649306,0.0
631,1.173944129500539,3.8901124900300026,0.0
632,1.3042541919908732,4.351854173096093,0.0
633,0.3842724864350674,0.2996421539682017,0.0
634,0.6560317119718905,0.7046016404677469,0.0
635,1.0171142912217481,2.83723364297292,0.0
636,0.5456338899477982,1.1669212485157094,0.0
637,0.8554308294634952,2.1328335044613262,0.0
638,0.3875345343856288,0.3931604555872978,0.0
639,2.9249849945422057,7.9027252559823244,0.0
640,0.21076375212250992,0.3245230189426143,0.0
641,0.17137859738625236,0.25576059574695265,0.0
642,1.0352828245797518,1.5822063525723338,0.0
643,0.49821885824293494,0.5684144022529832,0.0
644,1.5457046656559095,2.7265167337338676,0.0
645,1.0662000758314076,3.359860235709756,0.0
646,0.21775670732626834,0.25058911830968067,0.0
647,0.4044627825494395,0.3582683466580955,0.0
648,0.26125213162301947,0.27874689930553337,0.0
649,0.66411577073633,0.4958413223023122,0.0
650,1.0781344870302059,2.1377759702763854,0.0
651,0.9592998144485969,4.219174449070656,0.0
652,0.7268919295824766,1.4569521794238283,0.0
653,0.466227766016838,0.6568215798401311,0.0
654,1.498924401932908,6.055784559222741,0.0
655,1.058222243840791,3.1359787993999166,0.0
656,0.9307159143854564,0.48162674195508587,0.0
657,0.2509740259032387,0.2387891185994546,0.0
658,2.550428759427151,6.558288520004454,0.0
659,1.84022411073056,5.96696266327076,0.0
660,0.11666666666666665,0.17213259316477408,0.0
661,0.43688672392660705,0.3477872748506074,0.0
662,0.5304431438261519,1.0806109042956218,0.0
663,0.5051007289530194,0.4943755513348073,0.0
664,0.4821278254943948,0.26511286080538277,0.0
665,0.3371889617129513,0.44257911929228183,0.0
666,0.9175181914612114,3.9356391030560314,0.0
667,1.7431638858947125,5.553399822386082,0.0
668,1.1157773999671583,4.350195064208193,0.0
669,0.7474436027419212,3.7864228702520784,0.0
670,2.9572191886036183,5.512070430677468,0.0
671,0.5987730485256976,1.5271437278513915,0.0
672,2.360960594405571,8.463542947486442,0.0
673,0.26824595137478835,0.3015371009799856,0.0
674,0.8696532979959232,2.2068887143561167,0.0
675,0.81417807761899,1.1063992546824757,0.0
676,0.6083802566454808,0.5655176345490638,0.0
677,1.0020973399976754,3.4298334389627496,0.0
678,0.7844832602395236,1.0087028162202225,0.0
679,1.3037054842333224,3.4701721497186226,0.0
680,2.2136119117328823,9.10224634173706,0.0
681,1.3042982771064204,4.348248213147227,0.0
682,0.24463834764831843,0.28876996056653914,0.0
683,2.152177654575325,6.845952654651293,0.0
684,0.3435921354681384,0.485912657903775,0.0
685,0.2511574074074074,0.24333288755758845,0.0
686,0.304718792160106,0.2538076367228915,0.0
687,0.12453559924999298,0.17595689208305726,0.0
688,0.3190355937288492,0.35757453477687257,0.0
689,0.7512798869715653,0.877990375912017,0.0
690,0.10211224622637494,0.20006691256858292,0.0
691,2.5535681366084386,7.696500579672572,0.0
692,0.26958266424789934,0.3489715581952814,0.0
693,0.8223378559752332,0.9351882971180391,0.0
694,0.48774479462472786,0.23619734235569992,0.0
695,0.8673586682523016,2.432819618981697,0.0
696,0.25,0.3535533905932738,0.0
697,0.0,0.0,1.0
698,0.37670324561564866,0.5767346505062424,0.0
699,0.6205185998715962,2.102369972770012,0.0
700,0.654212362618774,0.6791756139162691,0.0
701,0.6927557088704601,1.6610010984513037,0.0
702,0.4958257844689622,0.5212736294262332,0.0
703,0.4554180427002435,1.0842980608215496,0.0
704,0.654311088222066,1.9144063490558807,0.0
705,0.7926558196154135,2.7365449299575633,0.0
706,0.565803852684771,0.7814141236097043,0.0
707,1.2769972114289314,4.472415686645199,0.0
708,2.1156010212751255,5.186980919261731,0.0
709,0.6857079282243386,0.48652778189998125,0.0
710,0.5287442861752141,0.4869718394790277,0.0
711,0.3006662607362388,0.2727754625423884,0.0
712,0.25774688386015854,0.20901361852583955,0.0
713,0.4725377475989909,0.6026420023212251,0.0
714,0.3125,0.23935677693908453,0.0
715,0.26516504294495535,0.33850160019316505,0.0
716,0.009259259259259259,0.013094570021973102,0.0
717,2.258503899703616,1.9951122884686536,0.0
718,0.25,0.27386127875258304,0.0
719,0.29005525604980775,0.29503327620250025,0.0
720,0.521966772917549,0.540885407425912,0.0
721,0.4329362087886559,0.42103331245430003,0.0
722,0.34002847462129093,0.41925269395048576,0.0
723,0.970820393249937,0.8891764195380731,0.0
724,0.5,0.4472135954999579,0.0
725,0.31702464181228013,0.31536221162991573,0.0
726,0.46849632243231953,0.32348111035651134,0.0
727,0.38180368744120763,0.3928830393055588,0.0
728,0.16666666666666666,0.2886751345948129,0.0
729,0.6627976508692001,0.6614375809021648,0.0
730,0.557757735057544,0.5378681438337494,0.0
731,0.8752751693375651,2.1900928351780773,0.0
732,0.9144541915447358,0.7903605192324854,0.0
733,0.5590169943749475,0.7905694150420949,0.0
734,1.2163894942716897,1.001733062312854,0.0
735,1.3849941193732591,3.91629001986047,0.0
736,0.15753700664162137,0.23318246212860724,0.0
737,0.19486569563735986,0.23200394983033287,0.0
738,4.181111159651583,6.155445491369788,0.0
739,0.5079645537968391,0.48853997704196267,0.0
740,0.6060471616800974,0.914589566037387,0.0
741,0.1798937445274517,0.2523290580498477,0.0
742,0.375,0.47871355387816905,0.0
743,0.6595014877622829,0.40123758798517994,0.0
744,1.0295960710595855,1.4065747828688986,0.0
745,1.4160784377703832,1.5848365789826422,0.0
746,0.0,0.0,0.0
747,0.2682320470519386,0.2533022654824084,0.0
748,0.375,0.25,0.0
749,0.4529145879228743,0.33457285656572094,0.0
750,0.3142824346533225,0.26944239903032724,0.0
751,0.9520458373752445,1.4975156872337312,0.0
752,0.5658806294272363,1.1482946503536882,0.0
753,0.7561994225351629,2.151102873895746,0.0
754,0.38848003817329363,0.3041562477414573,0.0
755,0.546532629644068,0.4995003321548794,0.0
756,0.3197969957242153,0.2850488899791452,0.0
757,1.212922250487828,1.655545639409152,0.0
758,1.1880103022381028,3.0288760222792575,0.0
759,2.7839464516674477,4.607996866662427,0.0
760,2.3275528476308462,6.400492993649039,0.0
761,1.3591837363215964,2.033427553711314,0.0
762,0.31024103679137677,0.2755628565261088,0.0
763,1.7888405895043449,3.3596335029681224,0.0
764,0.41011707584661233,0.3397040350480579,0.0
765,0.29813713610795217,0.33502050097992686,0.0
766,2.344723617518356,4.690611505144877,0.0
767,2.552491615867348,3.290944908368837,0.0
768,4.018309727275966,5.335891087075698,0.0
769,0.3576830938890361,0.26501767602190635,0.0
770,5.843088824072906,18.183613190441513,0.0
771,3.111291111151598,11.18686222093602,0.0
772,0.3535533905932738,0.5,0.0
773,0.9946300891976778,3.687405987903474,0.0
774,0.7394080682136722,0.9824371745838691,0.0
775,0.25,0.3535533905932738,0.0
776,0.9932653784341325,1.5571591415989434,0.0
777,0.5074540401251777,0.5858686831474744,0.0
778,0.46863442921256,0.368974391276847,0.0
779,0.7993968316647819,0.6884390546686456,0.0
780,0.25,0.3535533905932738,0.0
781,5.023499720519341,5.024525280983978,0.0
782,5.383807591115511,7.395162663262168,0.0
783,1.6249907888446888,1.8690223863676156,0.0
784,0.5590169943749475,0.7905694150420949,0.0
785,0.03333333333333333,0.05773502691896259,0.0
786,0.0,0.0,0.0
787,0.0,0.0,1.0
788,1.1550876869105793,1.7982981669463314,0.0
789,3.7247917933982793,6.298926044734651,0.0
790,0.7236556193848259,3.2589190155774608,0.0
791,1.087283159072091,4.428961425125787,0.0
792,1.0249677049365227,3.202438561250583,0.0
793,0.9315038031015791,1.2861103572824446,0.0
794,0.8317486556275634,1.1690664765572019,0.0
795,3.0307212244782726,10.71091019822787,0.0
796,3.419423359531239,5.099639647890437,0.0
797,2.7941538710012432,14.56065857415559,0.0
798,2.430164305573907,7.908768290444127,0.0
799,0.35834805733114744,0.3915957872143714,0.0
800,1.118033988749895,1.5811388300841898,0.0
801,2.8135203118077503,2.352375058447289,0.0
802,1.9207384286026847,2.7163343355011036,0.0
803,0.43272280904286564,0.5254332594166788,0.0
804,3.4174839949230167,7.657583730563499,0.0
805,2.041129026929704,5.872190179858316,0.0
806,0.25,0.25,0.0
807,0.5857431598805761,0.3841815270395359,0.0
808,1.3401531479892659,1.4328857696489212,0.0
809,0.7590169943749474,0.4826919336518131,0.0
810,0.25,0.3535533905932738,0.0
811,3.315691328437717,6.306897449304529,0.0
812,4.449010261095352,5.333421474141655,0.0
813,2.9768744430901037,10.59460887620624,0.0
814,1.4974618203037238,5.425354151154658,0.0
815,1.4759668043749483,6.636755538714075,0.0
816,0.9715197016810815,1.0918665237050822,0.0
817,0.37267799624996495,0.6454972243679029,0.0
818,3.6367175369854574,12.642771403480397,0.0
819,0.3655738563392782,0.42778324650343147,0.0
820,1.3421135792923695,2.7429636305919143,0.0
821,0.48284271247461896,0.289099712491539,0.0
822,0.7873852307917216,0.7262316094221113,0.0
823,0.46974937303867675,0.5708690284277692,0.0
824,1.264633774630297,1.4066177725970048,0.0
825,10.730002099777149,13.32575852544277,0.0
826,3.2532314583653577,4.3830619382685665,0.0
827,1.3982460654737847,3.2022158454396306,0.0
828,1.3498365855987975,1.2813710579954856,0.0
829,1.14031837456093,2.859201794736192,0.0
830,2.911959093074712,7.139092377932964,0.0
831,0.6614759373424655,0.6136325193588693,0.0
832,2.9885125144320637,2.307370319497833,0.0
833,0.3308099851977379,0.31429245178415194,0.0
834,1.3737207025491989,2.7221033599920146,0.0
835,1.0680004681646913,1.5103807466993213,0.0
836,0.32089302434055006,0.400657981706,0.0
837,2.5231957339162254,8.97042449021073,0.0
838,0.8709527209873488,2.425882517097791,0.0
839,8.411884585260918,20.452605459706795,0.0
840,0.5040139587706602,0.2521612340588566,0.0
841,0.2912578159510714,0.3696514789095353,0.0
842,0.619648192113704,0.6367713052664481,0.0
843,11.469538054652356,28.950918720607515,0.0
844,0.7880913986767553,0.5627947609410486,0.0
845,0.6898884377881223,0.6818605769029632,0.0
846,3.3194907029892344,7.342035983358851,0.0
847,0.25,0.3535533905932738,0.0
848,0.25,0.3535533905932738,0.0
849,0.4254593882156578,0.318458637126624,0.0
850,0.375,0.25,0.0
851,0.6045710490793532,0.38463389252196617,0.0
852,0.16666666666666666,0.2886751345948129,0.0
853,0.9958434994587574,1.093312328496609,0.0
854,1.112608934816944,1.0275492177766785,0.0
855,1.158999233112193,1.039834850414647,0.0
856,0.7219570023436699,0.6688231713700062,0.0
857,0.0,0.0,1.0
858,1.3191541407175955,4.106747522006239,0.0
859,1.4979301260202431,1.6476903264478802,0.0
860,3.9353856354556984,17.056659235611654,0.0
861,1.3417905101737158,3.1812093801539563,0.0
862,4.688689709504471,17.000276118595433,0.0
863,0.339554889413315,0.35368679670739395,0.0
864,0.6740861034941272,0.5178403088782425,0.0
865,0.46655266998737116,0.38023831150206777,0.0
866,0.7585791119298781,1.4507173519559504,0.0
867,0.7547165225419405,3.6293325184175296,0.0
868,0.30713834764831843,0.2875942241494395,0.0
869,0.7754697342781595,1.003877657960347,0.0
870,3.542241997339142,5.14873660174987,0.0
871,2.029248142003697,4.169146828109118,0.0
872,0.6545084971874737,0.5120138371950439,0.0
873,0.24714045207910318,0.2500817567747786,0.0
874,0.6980364941572614,1.0528960325407721,0.0
875,3.539350517164338,10.332937706807757,0.0
876,1.6408801712523216,4.710327296806079,0.0
877,1.6581054706156082,5.683964681520325,0.0
878,1.7918063335594792,3.6412819637044387,0.0
879,0.6700681100589696,1.3413364082666028,0.0
880,6.097181308229439,12.23495227053601,0.0
881,0.4683478214506373,0.3718163837691556,0.0
882,0.7844986491503023,0.8296603085968658,0.0
883,10.12383266520076,22.27161059932332,0.0
884,1.9169102165958978,3.6050376510782756,0.0
885,0.11666666666666665,0.20861092617242874,0.0
886,2.3594059495275927,6.897081316265313,0.0
887,5.001653137824119,17.96027407070038,0.0
888,0.29920765289406387,0.28559940538511425,0.0
889,0.9153956647852931,1.0332509012538136,0.0
890,2.4129426449002183,6.388890250490086,0.0
891,4.3875036688450235,12.888476400283347,0.0
892,0.23097490213896524,0.2779105563122205,0.0
893,0.7366556008490925,2.977472755516185,0.0
894,6.139144954912181,12.53107211703448,0.0
895,0.8100481911103112,0.7345938983433703,0.0
896,2.807837952617368,4.05285101538633,0.0
897,0.7283969711594214,2.366208597745731,0.0
898,1.962760856499987,5.445546607911265,0.0
899,3.364975263246477,15.6051209375245,0.0
900,2.4388549457607405,8.200632702021226,0.0
901,0.9161281441632457,4.343519025800425,0.0
902,0.7259346738403043,2.2893421610499662,0.0
903,1.6646177777108524,3.726637958195413,0.0
904,1.3054623556862848,4.873277002277372,0.0
905,0.22501436845776102,0.2614789778306639,0.0
906,0.33749473892303816,0.3038021151672885,0.0
907,4.860818358195501,10.241980223185905,0.0
908,0.4521118687952766,0.45431744838151095,0.0
909,1.993655030659584,4.850532368770307,0.0
910,1.766872169427807,4.781315635222137,0.0
911,0.19571067811865475,0.2747672357759004,0.0
912,0.3589621368093064,0.47089832280612454,0.0
913,3.3697167898896705,11.024660538892435,0.0
914,0.3333333333333333,0.2886751345948129,0.0
915,1.5603771585788015,3.5767820225555256,0.0
916,0.5772465202406679,0.5187460099158084,0.0
917,1.394323777943987,4.209691681958633,0.0
918,0.7116544362981763,1.6988155376079201,0.0
919,0.5,0.7071067811865476,0.0
920,2.781014328993141,6.5841548861665835,0.0
921,0.7394839424911067,1.9181721747888583,0.0
922,1.2945924086231593,5.7147673601192865,0.0
923,0.4667064806091331,0.4669940927218745,0.0
924,0.6035533905932737,0.4253991140930489,0.0
925,7.836584338155006,9.859935947479311,0.0
926,0.5690355937288492,0.5140989589607085,0.0
927,0.19684746110576518,0.2596093221443177,0.0
928,0.3062065399016471,0.27107351606542984,0.0
929,2.677924719277813,5.29207470476688,0.0
930,0.44258820352726486,0.5017366708087186,0.0
931,7.298534970608604,11.572651368649602,0.0
932,0.3304198647677475,0.2680812729428601,0.0
933,1.0872898802454434,0.9840526148562458,0.0
934,0.0,0.0,1.0
935,0.5987502700677856,0.8328651250760543,0.0
936,0.9001336665193216,2.4519108807939998,0.0
937,0.3763883704603776,0.3893615245115966,0.0
938,3.5194554536664486,11.711367074319467,0.0
939,0.3794192982833362,0.39300134851283386,0.0
940,0.5234590803390136,0.4309085461555778,0.0
941,0.6683230965404361,0.7279520567140784,0.0
942,1.1799260102766473,4.110228720263194,0.0
943,0.9804216699112683,3.94188737027392,0.0
944,1.8045378030483679,5.396673343707314,0.0
945,3.963858341049465,18.29024718210741,0.0
946,0.7089531168992352,2.347754969626275,0.0
947,0.9259274005776625,3.27830813439867,0.0
948,0.4237183177893792,0.5011018924497681,0.0
949,3.648518483193132,6.814805780138205,0.0
950,0.9400448048916175,2.5558258193365733,0.0
951,0.3752490049032287,0.36365473257584563,0.0
952,2.9640768530447894,7.671805937481425,0.0
953,0.6095346554528448,0.4651621303796479,0.0
954,0.45509786740389707,0.41953703199588854,0.0
955,0.5737319679373565,0.38145902144410204,0.0
956,0.6030056647916492,0.40455037000974003,0.0
957,0.6678924114491893,0.825321592959991,0.0
958,0.45747705010209,0.2393454062497938,0.0
959,1.3398615018080255,4.211467522778996,0.0
960,0.35059223176554566,0.34045705166435625,0.0
961,1.1730222276070967,0.9263630859034728,0.0
962,0.5690355937288492,0.5140989589607085,0.0
963,0.6447492464579102,0.9720925221283654,0.0
964,4.080277434349022,14.63444429925924,0.0
965,0.3413582917690246,0.44649104753418956,0.0
966,0.30177669529663687,0.35857277490227984,0.0
967,3.4177473872369575,5.946167091222584,0.0
968,0.7861775762224474,0.5480204100307854,0.0
969,1.6415750995839107,5.645760901786669,0.0
970,0.5244389101264566,0.4541827859938509,0.0
971,0.5292269560258048,0.53493029153192,0.0
972,0.4396785312429497,0.3206721656295535,0.0
973,0.4579475168373328,0.33537928704945463,0.0
974,1.1494478056385076,3.3955571941318974,0.0
975,0.5293346581948688,0.5491532788618394,0.0
976,0.9917829614053475,4.863253335348828,0.0
977,0.48091245218952017,0.3799893413233931,0.0
978,1.986362831343324,8.648786106117877,0.0
979,1.6861178864069337,5.172186068068512,0.0
980,0.7438472121621242,1.2308658717988574,0.0
981,0.47015614634636305,0.3997568463655887,0.0
982,2.7502991668018306,7.7889435655187365,0.0
983,0.49439048245934686,0.40081816055546865,0.0
984,1.5552552563834312,4.426186136896528,0.0
985,0.29866808286457897,0.3258127620883398,0.0
986,0.4166666666666667,0.7216878364870322,0.0
987,0.6763756271807284,0.6983197323254204,0.0
988,0.34285793002000736,0.3066748735832961,0.0
989,2.7354182967523997,3.496150772481761,0.0
990,0.7994117698694727,1.3169387654959315,0.0
991,0.5338030069446369,0.85597184537615,0.0
992,0.36521017318034,0.29336041261969115,0.0
993,0.9735651712985928,1.6540144615840695,0.0
994,2.3642295533459086,5.811684452750259,0.0
995,0.2845177968644246,0.3207172398248913,0.0
996,1.116331531289492,4.345320217222907,0.0
997,2.677873311659512,7.464064205282035,0.0
998,1.1269059498280132,3.1524544538237707,0.0
999,0.6840976932468071,1.0463451522985192,0.0
1000,2.4381207821452047,5.514134656060031,0.0
1001,2.924979084384326,9.257748421504337,0.0
1002,0.5713313178240165,0.5294785504409988,0.0
1003,1.1331068054136344,3.0628206412128973,0.0
1004,1.027743934281479,2.5204116532116063,0.0
1005,0.4494291375751239,0.4717206566115829,0.0
1006,0.4691304658081927,0.49243931364164756,0.0
1007,1.0665999661436718,2.823158078038912,0.0
1008,0.7192974184843423,1.0696474024925322,0.0
1009,0.5585704326454728,0.7402314415329924,0.0
1010,2.222430600827059,8.648531333895416,0.0
1011,0.554194183684368,0.48556487625635475,0.0
1012,3.1004190198619757,9.887456820467026,0.0
1013,0.40117570246406725,0.40251019211402794,0.0
1014,1.7196769095874151,1.866801715130324,0.0
1015,1.540897778322414,4.149864796544601,0.0
1016,1.5610439992549296,3.7287941609809194,0.0
1017,3.111225686018553,4.237825106115881,0.0
1018,23.775028594863095,33.204819215616915,0.0
1019,1.6109905623843934,6.461527627910151,0.0
1020,0.03125,0.04419417382415922,0.0
1021,1.9060221702299351,7.038785302037015,0.0
1022,2.709186522226665,5.099416444549575,0.0
1023,2.7052535252441676,8.294514674222121,0.0
1024,3.643005599364345,5.436088732960664,0.0
1025,0.42677669529663687,0.3008025982859447,0.0
1026,0.625,0.6291528696058958,0.0
1027,0.2779508497187474,0.26043124528526734,0.0
1028,1.7647242197658028,5.351159146251356,0.0
1029,0.5335070510500081,0.32075239099905256,0.0
1030,1.3209426152134556,3.4092841476695153,0.0
1031,0.4678659213408234,0.5979645428056495,0.0
1032,0.29676978106583946,0.3710017350651573,0.0
1033,0.8477815862815634,1.1919589244926647,0.0
1034,1.679514589711818,2.970688127370941,0.0
1035,2.647670232934453,10.763628765606827,0.0
1036,0.5460795411397608,0.3888943662108353,0.0
1037,0.5742084120712546,0.4198875150180941,0.0
1038,4.975547074864387,8.708784656444946,0.0
1039,0.6842827017048758,1.6359250919684023,0.0
1040,0.3121038074768253,0.26570765423518444,0.0
1041,1.09410002253145,2.453830624941222,0.0
1042,0.4520305089104421,0.38344467943002475,0.0
1043,4.275322119627048,7.27161850696095,0.0
1044,4.522587962487964,8.055783942488093,0.0
1045,0.35300566479164913,0.3071327089997234,0.0
1046,4.759106720475014,9.514522145099157,0.0
1047,0.9930217790859653,2.0377778993350675,0.0
1048,0.7353392014967522,1.6700166354412678,0.0
1049,2.09902811557345,5.059881655298755,0.0
1050,1.5938409097705117,7.9579435062090065,0.0
1051,0.9191662805021995,0.9747554387228237,0.0
1052,2.407276102298791,3.8471228601920933,0.0
1053,0.9579844331721425,1.0677792124761485,0.0
1054,4.115632694052703,9.14959103835866,0.0
1055,0.5954751431913045,0.49223238835968336,0.0
1056,0.2598361657291579,0.41993744163430674,0.0
1057,0.7687329551853515,0.5879111768739407,0.0
1058,0.0,0.0,1.0
1059,0.738196760008462,1.866355858054001,0.0
1060,0.5378597878091935,1.0777555197369169,0.0
1061,0.7092514887836365,1.0901737591294802,0.0
1062,1.458205320701986,4.318115099315364,0.0
1063,1.1772375545457694,1.254938644054701,0.0
1064,2.667614243636177,6.612045830681809,0.0
1065,0.5657343636583244,2.349479032374335,0.0
1066,0.5533493901208824,0.6683038552860281,0.0
1067,1.6584136131985416,5.35022983538667,0.0
1068,0.3664002969410571,0.47469616940206866,0.0
1069,0.6535096617133381,0.9604818129790185,0.0
1070,0.6035533905932737,0.4253991140930489,0.0
1071,1.9091155938373199,3.972685218521766,0.0
1072,0.43313309532170857,0.635608384158145,0.0
1073,0.0,0.0,0.0
1074,1.2512817170608586,5.932517663978709,0.0
1075,0.9133295115090201,3.056777892787603,0.0
1076,0.15625,0.18600595228571123,0.0
1077,0.8192184149161328,2.482241670558657,0.0
1078,1.1074945803416263,2.4261408963799567,0.0
1079,2.1450529114033143,5.982207512536796,0.0
1080,1.1237157934895952,3.328496804429073,0.0
1081,0.9989491685078902,3.930672999402199,0.0
1082,0.6085236294255846,0.6202040292395428,0.0
1083,1.1019163376798442,3.2800807424473826,0.0
1084,1.8153498177663387,6.629183322033915,0.0
1085,1.6021580604525407,11.857025418094226,0.0
1086,0.3215008394613667,0.31318288409896716,0.0
1087,0.027261014311796374,0.03855289616378948,0.0
1088,0.3377888523665056,0.2716625309084313,0.0
1089,4.796502913506505,12.528223727737926,0.0
1090,0.639834563766817,0.6987593747218415,0.0
1091,1.245147014511926,6.4755872871201445,0.0
1092,2.953535533644558,5.766829628428589,0.0
1093,0.5722746581196864,0.6964443270710657,0.0
1094,0.7217835869909052,0.9850746347290934,0.0
1095,0.33457362376114064,0.3386650572553705,0.0
1096,1.2625136168670106,3.251093468201178,0.0
1097,0.37235390747210895,0.5234008695626706,0.0
1098,0.8003803363083425,2.0778550256504666,0.0
1099,0.0,0.0,0.0
1100,2.3935880692148226,9.868598228978328,0.0
1101,0.1429170240842901,0.25475770889827243,0.0
1102,0.4071348402636772,0.33481567308050436,0.0
1103,1.2244532222315023,4.516451447660358,0.0
1104,11.983200327014837,24.663064048148403,0.0
1105,1.0119871344951783,5.48825963512986,0.0
1106,0.6791189888650128,2.0040735202385944,0.0
1107,3.396003190170557,7.453507684751433,0.0
1108,0.975758799414899,1.7781551072276878,0.0
1109,1.057686939618482,2.750346475735419,0.0
1110,0.0,0.0,0.0
1111,0.5627252523607498,0.47039368165546913,0.0
1112,0.7228969238234604,1.78794516317582,0.0
1113,0.28615169529663687,0.3100835505451683,0.0
1114,0.47427174546409906,0.5723398838102064,0.0
1115,0.6047971954095931,1.0282256058267452,0.0
1116,0.38284271247461904,0.35956824370534346,0.0
1117,0.4254955835720974,0.6169677019724421,0.0
1118,0.2438039581123633,0.3302784127752996,0.0
1119,2.127009683151391,5.888473820022338,0.0
1120,6.04462083147154,18.158257564501366,0.0
1121,0.8767157943055868,3.569212785002444,0.0
1122,0.49612644288641367,0.2867684486156182,0.0
1123,0.3115554167630812,0.3405873915788682,0.0
1124,3.0269127871943584,2.663430119392949,0.0
1125,0.7936406090763537,0.6374073255027812,0.0
1126,1.9461102420124932,9.549880216195914,0.0
1127,2.09596316568348,5.732948576641064,0.0
1128,2.2179591789059696,8.363729723940333,0.0
1129,0.25,0.3535533905932738,0.0
1130,0.19726670589811726,0.30097451681450016,0.0
1131,0.5866505138558479,0.5431468991912722,0.0
1132,0.0,0.0,0.0
1133,5.45433728246846,10.712318224155368,0.0
1134,1.2617244668951395,8.069108991041185,0.0
1135,1.115346565246587,4.087039736925357,0.0
1136,0.26665731364095674,0.301682873497082,0.0
1137,2.525508346453413,10.4716837210241,0.0
1138,0.6129384878631564,0.6764053112683489,0.0
1139,1.7287898569073967,6.59081666998273,0.0
1140,0.57558339454195,0.5770036921395001,0.0
1141,0.8034316212262859,0.967040399977836,0.0
1142,0.19704699951274973,0.27246970760376826,0.0
1143,0.9881017784683102,2.9411667854013124,0.0
1144,2.658951094853048,2.4773088061529744,0.0
1145,0.308925565098879,0.2459227404572541,0.0
1146,1.7369740860302894,5.478434171783395,0.0
1147,0.4242804372105634,0.5051391357081669,0.0
1148,0.39558162120994295,0.23735821300141863,0.0
1149,0.16797378541243652,0.20936229786609364,0.0
1150,1.8358936167118876,4.412139383240683,0.0
1151,1.5160768123218258,3.81724820175299,0.0
1152,2.0290766978586334,4.28001248398951,0.0
1153,0.9509060732346098,2.55831629531665,0.0
1154,0.0,0.0,1.0
1155,0.3430335913836568,0.44123853336380087,0.0
1156,0.4047984194039029,0.4786528575710251,0.0
1157,0.7301573107451191,3.3053384327478073,0.0
1158,0.6188092381460073,0.7846702085942531,0.0
1159,3.25331232528353,9.072215782054654,0.0
1160,1.5536773544696045,6.249790359506996,0.0
1161,1.6472553073818077,9.768952966183539,0.0
1162,0.724474870634826,2.6609979960237125,0.0
1163,1.494440105629178,6.264069318304889,0.0
1164,0.4475948513771675,0.6883386854337171,0.0
1165,3.0054690579133347,9.452256188194546,0.0
1166,0.3502327405841401,0.7761189521037777,0.0
1167,1.5444060733716767,6.711333323682261,0.0
1168,0.3482690782105227,1.1865902998410454,0.0
1169,0.5309742292980869,0.6529189560249855,0.0
1170,0.27419969370568986,0.36582979952681033,0.0
1171,0.423606797749979,0.5815467316776963,0.0
1172,0.7481719427980827,3.0017461851299756,0.0
1173,0.7039257961946984,0.4766730828297942,0.0
1174,1.629561805079604,6.882444332651217,0.0
1175,0.3187712919441309,0.3767720840964867,0.0
1176,0.742272951174273,1.7670400553900878,0.0
1177,1.0835232235754082,2.9618282030265726,0.0
1178,2.029294282984093,6.760576638652674,0.0
1179,0.6058171913483393,1.593401205081039,0.0
1180,0.5,0.408248290463863,0.0
1181,1.3938942141372601,4.906563625484624,0.0
1182,1.488776282658581,2.2397667091117275,0.0
1183,0.3860970815725463,0.312921993556394,0.0
1184,1.581329656072093,6.458069813927551,0.0
1185,0.34817371896472155,0.46690444067050824,0.0
1186,2.202518872917838,8.321585269962002,0.0
1187,2.0601245092592664,5.1759423041043195,0.0
1188,0.2692307692307692,0.33011264588676237,0.0
1189,0.19571067811865475,0.2747672357759004,0.0
1190,0.6290890473843871,0.5973930512071275,0.0
1191,1.1337583118111596,3.9879180373140195,0.0
1192,0.26409397248683114,0.31194327011736495,0.0
1193,0.21428571428571427,0.25677629550654774,0.0
1194,0.8394263238428586,0.6168106249726784,0.0
1195,4.643141662444754,11.896284652579464,0.0
1196,2.2920513045630826,6.485001178296247,0.0
1197,2.0868534109759618,6.760824700817794,0.0
1198,1.5550500070751447,5.221283591341414,0.0
1199,1.6610126340394777,5.217443679077148,0.0
1200,1.7700105766062568,7.8799642893572015,0.0
1201,0.6148778501348412,1.4831119271591784,0.0
1202,0.05374838498865699,0.12018504251546629,0.0
1203,1.1316448852474612,1.6633008689169528,0.0
1204,1.5960588482467184,3.612114453380488,0.0
1205,2.7268914576159986,11.674513142235508,0.0
1206,0.6170562612356906,0.6371931690745155,0.0
1207,0.4740212610443403,0.5589327533126156,0.0
1208,1.0047329797294238,2.898828753127666,0.0
1209,1.1321355937329685,6.40450395669924,0.0
1210,0.30790429798427293,0.2572381724812433,0.0
1211,0.3550824430978056,0.3843381560574423,0.0
1212,2.4298918028185934,11.074951489248324,0.0
1213,2.8588174074750103,10.198127601907519,0.0
1214,0.5113978253480732,0.7139321557979349,0.0
1215,0.978625841548475,1.9712535922672194,0.0
1216,0.9520598871066392,2.0501622932099233,0.0
1217,0.360947570824873,0.33228137460531304,0.0
1218,0.1929897266732203,0.24492030429185252,0.0
1219,1.0646950465179768,1.9700332354199206,0.0
1220,1.1139326063446313,5.905452346535826,0.0
1221,1.9615185862110651,7.604646952441438,0.0
1222,0.19770630592952582,0.27754488014959716,0.0
1223,0.9849064906047589,2.521415025393561,0.0
1224,0.5,0.408248290463863,0.0
1225,0.5393446629166316,0.5600544633113975,0.0
1226,4.790151813748661,7.492694523761435,0.0
1227,0.5416333478920483,0.7510958270023822,0.0
1228,0.2912578159510714,0.3696514789095353,0.0
1229,0.49151601448444837,1.6282118807595172,0.0
1230,0.16405608703765134,0.208048631021891,0.0
1231,0.6788349123705875,1.0317154654188616,0.0
1232,1.9066112260839942,6.5808398993174615,0.0
1233,5.985340671470834,10.056193411207191,0.0
1234,1.3902062797942354,3.4338039465357326,0.0
1235,0.3434433619633035,0.37954037819448255,0.0
1236,2.7432444401184335,6.977315731696383,0.0
1237,0.8607975783736741,3.3525478211239763,0.0
1238,1.4443011731526685,5.142133149826795,0.0
1239,0.46181490073578674,0.37979432374207645,0.0
1240,1.1117469812249154,6.04794020108005,0.0
1241,0.3502002157985647,0.2581422472254345,0.0
1242,4.7531624920541375,4.895183546169791,0.0
1243,1.5296201107912206,4.366982325972817,0.0
1244,0.4688951097605597,0.5106201825667883,0.0
1245,1.5003442966668294,5.9616980518118945,0.0
1246,3.0329356711107134,7.061282688043258,0.0
1247,0.8993449392027837,0.8261465496578362,0.0
1248,4.387289412507375,13.377586744197611,0.0
1249,0.4060727495204949,0.5198408933043277,0.0
1250,1.8396953541044097,5.991018683710727,0.0
1251,1.5447404368879691,6.820119250269167,0.0
1252,2.361610056927272,5.906114084767883,0.0
1253,0.7419177122269023,1.6392663977849464,0.0
1254,0.43403160450668704,0.3871809895169856,0.0
1255,0.8089576450090791,3.5414008978975944,0.0
1256,3.083446470098497,7.13739381226559,0.0
1257,6.4654477447103815,7.079010461434192,0.0
1258,1.0827026112520057,3.038155215483446,0.0
1259,1.2292950442620802,1.136238319248877,0.0
1260,1.3372879064482421,2.2600986045156537,0.0
1261,0.8047276724936022,0.9767652812119932,0.0
1262,0.25,0.27386127875258304,0.0
1263,0.16666666666666666,0.2041241452319315,0.0
1264,2.2268227610357205,7.794415042039331,0.0
1265,1.0998779499844602,2.081213485727311,0.0
1266,1.8969784282643485,6.535852704486839,0.0
1267,0.38640806818724216,0.3127193733254649,0.0
1268,1.5048080774280532,6.3570890756745815,0.0
1269,3.289287173688077,5.1020480905244705,0.0
1270,0.25,0.25,0.0
1271,0.4419417382415922,0.33850160019316505,0.0
1272,0.8068067679492563,0.8660587206309558,0.0
1273,1.4368295710159813,5.863521499645634,0.0
1274,0.22071067811865475,0.22018968119670018,0.0
1275,0.22283429152917938,0.24941540456257089,0.0
1276,0.5800068680800323,0.8596255254314651,0.0
1277,2.1907312320986034,2.8982015193758746,0.0
1278,0.41770509831248426,0.41736268645941493,0.0
1279,0.4541098605245742,0.37043914214319584,0.0
1280,0.40236892706218247,0.3635228600820615,0.0
1281,1.1784493075337446,3.010223600943515,0.0
1282,0.3535533905932738,0.5,0.0
1283,0.23570226039551587,0.408248290463863,0.0
1284,1.9599777882959921,5.131133257216085,0.0
1285,3.074081149493151,6.393611186320905,0.0
1286,0.5892556509887896,0.8333333333333334,0.0
1287,0.41957079009823145,0.38290476455043615,0.0
1288,2.47390910606889,5.708305781373856,0.0
1289,1.3932147951883667,1.137785948581321,0.0
1290,3.582873002676346,8.210490908814192,0.0
1291,0.2377447946247279,0.2635785425010674,0.0
1292,0.8461672417718035,1.6520947926176737,0.0
1293,0.5263583321719272,0.48410706780592155,0.0
1294,0.23787843155647978,0.20925758131824418,0.0
1295,3.0525830187171716,11.66024408903317,0.0
1296,2.19977426228175,4.34371841746254,0.0
1297,8.719903310791226,16.830239734801786,0.0
1298,3.32106681994795,7.281945280780879,0.0
1299,0.7293153817438914,1.0247740512955572,0.0
1300,0.5,0.7071067811865476,0.0
1301,1.684633030039769,4.992057153989644,0.0
1302,1.952764667800448,5.20432788476047,0.0
1303,1.6328886684385646,4.144684097063501,0.0
1304,2.0473979268622298,5.646208688975886,0.0
1305,0.4288719269603734,0.3265123972208611,0.0
1306,3.0822688535345097,5.886007690824307,0.0
1307,3.8243618327247138,5.815910959884406,0.0
1308,0.21380711874576985,0.2577397407472282,0.0
1309,0.6250000653139727,0.48472622540356647,0.0
1310,0.4401257470056802,0.3650600603864996,0.0
1311,0.4135421199194591,0.43590934979787505,0.0
1312,0.2946278254943948,0.36799003609699366,0.0
1313,0.0,0.0,1.0
1314,1.6177236343191967,6.996203203758877,0.0
1315,1.7319758897999917,1.992476938638087,0.0
1316,1.4064880372014437,5.3487679002644395,0.0
1317,1.9245488742684311,5.952534475051505,0.0
1318,0.553881307582648,2.7683678681006674,0.0
1319,1.4792628792348117,2.3158825921076627,0.0
1320,1.1726751893766398,5.09109042844546,0.0
1321,3.6376411516391003,13.975433717997838,0.0
1322,1.790613572209823,5.616353829865551,0.0
1323,1.0196321686298737,3.347471325640487,0.0
1324,2.1936822578312154,3.975848924636477,0.0
1325,0.9159466725759983,2.0773760197952575,0.0
1326,0.9259071576948579,4.936011168997142,0.0
1327,0.7561674847790941,2.997976515655548,0.0
1328,4.733742629395515,12.061228834381405,0.0
1329,2.863435784428092,9.276982613855738,0.0
1330,1.8880807677848794,8.754583003236469,0.0
1331,0.26903559372884917,0.38266143516227036,0.0
1332,0.4387985406673924,0.2386449764377693,0.0
1333,0.4121320343559643,0.26255281910887546,0.0
1334,0.3328996156137987,0.3339283242058848,0.0
1335,1.654625413566747,4.888250284976919,0.0
1336,0.4140973498253311,0.4860412919324349,0.0
1337,4.203679180822644,11.542946087628966,0.0
1338,1.4000646407934134,6.629548048694649,0.0
1339,0.38147975765947256,0.26183915701650157,0.0
1340,1.7763431363634112,6.075894178591563,0.0
1341,0.5812851924841106,0.464912213933929,0.0
1342,0.07453559924999299,0.12909944487358058,0.0
1343,0.6855987302965252,1.297339262200074,0.0
1344,4.549499442597277,13.907485778831147,0.0
1345,2.217466242267735,2.8505032026141763,0.0
1346,7.600987809606421,19.63389197843404,0.0
1347,0.2734590803390136,0.34798010471409296,0.0
1348,2.946205066915177,10.193133544398325,0.0
1349,1.052136263980304,3.250897689031307,0.0
1350,0.2795084971874737,0.39528470752104744,0.0
1351,0.8478763210405758,3.3087558636989582,0.0
1352,1.1609834811739164,1.5110507374879474,0.0
1353,0.6751522181907657,1.101521978800937,0.0
1354,2.5922053199831114,7.528490413290816,0.0
1355,0.2837369754672479,0.31855869567577505,0.0
1356,4.485078299377339,7.5570689429731335,0.0
1357,0.3321723314583158,0.4251671870690786,0.0
1358,0.6737957080864931,1.0823756355162155,0.0
1359,0.325,0.4090979236211193,0.0
1360,0.5590169943749475,0.7905694150420949,0.0
1361,0.622802623856709,0.5433612548556228,0.0
1362,1.4725148702931732,4.11427158411653,0.0
1363,1.8316434875307206,5.743636857594878,0.0
1364,9.008385306063698,12.692262483851929,0.0
1365,0.5517766952966369,0.4211768884566552,0.0
1366,1.0400880258123018,2.50185274742767,0.0
1367,0.7834838885849357,4.01831050640932,0.0
1368,0.672588984322123,0.6380821810725027,0.0
1369,6.8618451001354845,10.31169384733287,0.0
1370,0.45657176099254243,0.4213374991714414,0.0
1371,2.778172431271813,6.434602048060639,0.0
1372,0.4159326217081444,0.31450399099916193,0.0
1373,2.0161891489772517,6.274144121910648,0.0
1374,2.5957031165379956,8.815989948750241,0.0
1375,1.280045356094434,2.9060332210519393,0.0
1376,0.09993867239266072,0.18147236664910218,0.0
1377,0.40831715904792165,0.3813700032462308,0.0
1378,1.4705615685164253,2.8098246649670164,0.0
1379,0.4836913084789469,0.36167048152014086,0.0
1380,1.1278225214643955,4.017472258156511,0.0
1381,1.5965777223195585,5.309914488959078,0.0
1382,0.28834665189017594,0.35205636355545655,0.0
1383,1.0506394270784394,2.8126505410446954,0.0
1384,0.9660870160212762,3.8906806846979283,0.0
1385,2.9924563336773993,8.572129721629707,0.0
1386,0.2795084971874737,0.5590169943749475,0.0
1387,0.6283143278710119,0.5523129755467742,0.0
1388,5.037792898610201,8.640553718728093,0.0
1389,0.4135778442167799,0.5051305685083336,0.0
1390,1.3912593364343766,4.183132208703408,0.0
1391,3.8786984679329595,5.048232494351461,0.0
1392,3.0603019177255533,3.962666430576797,0.0
1393,0.9983629624819027,1.2265042616194264,0.0
1394,3.198191723831246,13.30335520974918,0.0
1395,1.6832941892986881,4.809962622464991,0.0
1396,1.1445414352234637,4.286236295825607,0.0
1397,0.432539024424683,0.5476675901178868,0.0
1398,0.38267059436138806,0.42816323084343166,0.0
1399,1.1319231422671772,1.6007810593582124,0.0
1400,1.8726444731967813,6.1418718060740005,0.0
1401,0.40915204632290064,0.5368718919477028,0.0
1402,1.0690355937288492,1.288698703736141,0.0
1403,4.611431340353558,9.836774178637336,0.0
1404,0.534219166355942,0.4221364793221976,0.0
1405,1.9430154395528183,8.630213729614368,0.0
1406,1.2302240061087448,3.561953608666447,0.0
1407,2.2012970597649795,4.101184111027258,0.0
1408,0.4479465525705561,0.36441644931085065,0.0
1409,3.1578577155540675,9.494388891767553,0.0
1410,1.5077940116331399,2.779734938341536,0.0
1411,0.992441881813311,2.0192615367906646,0.0
1412,2.065412876447709,3.1655511098010023,0.0
1413,0.17614996105085895,0.2774227604416259,0.0
1414,2.9604113661493043,6.96914305412292,0.0
1415,0.40236892706218247,0.3635228600820615,0.0
1416,0.9227464228864516,1.088632334173061,0.0
1417,0.5376622007471485,0.9269085723705939,0.0
1418,1.516101996045986,3.519158129405457,0.0
1419,0.0,0.0,1.0
1420,0.8102431598018288,2.0193339330475437,0.0
1421,1.9103492432239166,6.884263143769025,0.0
1422,0.7485754683553939,1.2733323165288284,0.0
1423,2.1406146387300313,2.2653002031875213,0.0
1424,1.418687000675419,8.666381515897353,0.0
1425,1.3343425855660047,4.778626080274735,0.0
1426,1.429648081975791,5.146419562617034,0.0
1427,1.9892640109324828,6.710657881390133,0.0
1428,1.5163299247072082,5.1065790959886925,0.0
1429,1.0683702514944833,3.2322055418899907,0.0
1430,1.3074077319958826,2.4260607950825444,0.0
1431,1.1971614820994212,3.0508194347307547,0.0
1432,1.8940893073774479,6.179477216472729,0.0
1433,0.8936179052175662,2.0511169890645227,0.0
1434,2.8738709719960447,10.18358773920199,0.0
1435,4.762721109107081,6.740027913296074,0.0
1436,0.9655962850664359,2.0418687619477383,0.0
1437,1.3425340519646483,4.8216032198183845,0.0
1438,1.3093115001796414,5.233241939062861,0.0
1439,0.6395699809763847,0.5515332363545951,0.0
1440,2.648367651511582,7.0843658426564415,0.0
1441,1.9875881983152726,4.55218210800343,0.0
1442,3.053372222148883,7.28426350904925,0.0
1443,1.6050710776217214,4.642177637164639,0.0
1444,0.3654397620242679,0.5925646596589583,0.0
1445,4.157737152810748,8.128792385729165,0.0
1446,1.650358859270756,4.52302759918057,0.0
1447,0.33838834764831843,0.25605429374220234,0.0
1448,0.6257966551935846,2.027595147594428,0.0
1449,1.6853868702519919,7.297735084497399,0.0
1450,0.9947399080466081,3.2293421092531047,0.0
1451,1.3473221314974737,3.6725638587878926,0.0
1452,3.4649512179454725,10.302411157931152,0.0
1453,31.682171807562774,54.034217441192645,0.0
1454,2.334266593868234,4.8760744977908725,0.0
1455,0.43813052874292635,0.47068762970400474,0.0
1456,0.5018323402040593,0.4086803757363331,0.0
1457,0.5791548830351442,0.7868649145187211,0.0
1458,8.991509181689855,15.862299232632529,0.0
1459,0.3459029062228061,0.3541323331435855,0.0
1460,0.5242819883723162,1.167793752606059,0.0
1461,0.27052669529663687,0.32227372062869714,0.0
1462,1.6707994195393265,6.1615251038791365,0.0
1463,3.407387151354648,10.752904810265893,0.0
1464,0.375,0.47871355387816905,0.0
1465,1.5316470103645607,3.0957398101637086,0.0
1466,1.5043315872412892,4.212298081087047,0.0
1467,1.7466505809284962,6.54551006037356,0.0
1468,0.8873456555815031,2.9377518362798787,0.0
1469,0.041666666666666664,0.08333333333333334,0.0
1470,1.9894093668107966,4.076076189352825,0.0
1471,0.19764235376052372,0.2795084971874737,0.0
1472,0.7794531453291473,0.6785762742261051,0.0
1473,5.432249873270556,10.776741705130522,0.0
1474,4.287397625724936,10.901435687619397,0.0
1475,5.063045449474924,9.023743685611036,0.0
1476,0.7104221204293144,2.0420408671166377,0.0
1477,3.186457202676237,6.992241618695943,0.0
1478,3.0660956279679663,6.3770099002909815,0.0
1479,1.1373703786775027,4.381345023694653,0.0
1480,1.0352925886982451,3.561709964273521,0.0
1481,0.25,0.3535533905932738,0.0
1482,0.9709694532663299,4.983546088946263,0.0
1483,1.700474785976292,7.364924231781805,0.0
1484,1.5007318628609652,4.6588620624088595,0.0
1485,0.8322305602322149,0.7012860673858323,0.0
1486,0.251465543162115,0.21043165856108353,0.0
1487,1.2511684619873757,1.6476995918814006,0.0
1488,2.0746733587939326,6.095556741016284,0.0
1489,1.7934764926523366,5.214266594404946,0.0
1490,0.6885585706550215,0.8478782361155501,0.0
1491,0.40284711426467895,0.4454704733061448,0.0
1492,0.09090909090909091,0.2022599587389726,0.0
1493,2.435001783054029,5.711890850551218,0.0
1494,0.6334484681000051,0.8018149617485918,0.0
1495,3.4328586374307877,12.255174704128661,0.0
1496,2.0076098216650093,3.3545824171033027,0.0
1497,1.8171435592497764,3.965562067867623,0.0
1498,0.831888523986744,0.6820454282947869,0.0
1499,0.9877384731467109,2.734264681175063,0.0
1500,3.348930514352691,11.624677524261193,0.0
1501,0.5421566653790443,0.7593897320899081,0.0
1502,5.294972703210325,8.66980845366898,0.0
1503,0.9018549034150505,5.140194615161999,0.0
1504,2.3408136393388026,6.704243719049088,0.0
1505,2.520393349936228,6.796069199452609,0.0
1506,1.775904002606298,6.074303428446991,0.0
1507,1.6978754375907468,9.150624636147288,0.0
1508,2.15880787250042,5.034217584053301,0.0
1509,1.290424283117218,2.501454826674317,0.0
1510,0.5125090883568054,1.346557619026503,0.0
1511,1.1888604161815783,5.537056914902454,0.0
1512,0.9053375422544364,2.696319682923308,0.0
1513,4.098949896852551,10.548019931431087,0.0
1514,0.38903293667829175,0.380399308269259,0.0
1515,2.599275122973222,7.293778114755153,0.0
1516,1.0007777135435516,3.27335969073842,0.0
1517,0.26471676657553145,0.34156411994954533,0.0
1518,3.1470660672741615,11.494130045276929,0.0
1519,14.411752356146787,16.72455040157744,0.0
1520,5.828248811813883,6.919341832001744,0.0
1521,2.0551831727905077,9.483099302135505,0.0
1522,0.9599011360288325,3.1106250783918625,0.0
1523,0.09316949906249124,0.13176156917368248,0.0
1524,0.21660533905932738,0.2993209456700877,0.0
1525,1.9492570224020747,4.537085152041739,0.0
1526,0.47140452079103173,0.408248290463863,0.0
1527,0.3452038171924529,0.3692325906887098,0.0
1528,0.5834103345241882,1.4826734023628456,0.0
1529,2.136161872848418,8.211554151143773,0.0
1530,3.008024788304117,6.898210144735055,0.0
1531,0.9565077711073423,2.642228006697617,0.0
1532,1.0375368891566972,0.9133562009419108,0.0
1533,3.3243586524020774,5.864439265275811,0.0
1534,1.642562843229816,1.3379997698728652,0.0
1535,2.171385278810263,2.854023706982879,0.0
1536,0.2775441487974376,0.29335424371502794,0.0
1537,4.91728077009038,9.369088561907091,0.0
1538,0.11495904143228948,0.13618939955651094,0.0
1539,0.4684025102720549,0.4269188328526211,0.0
1540,0.0,0.0,1.0
1541,0.6504597306994905,1.0878025074855642,0.0
1542,1.5159532096057877,5.165270730962495,0.0
1543,1.3537531652074268,3.549555408417129,0.0
1544,2.0799596386769728,5.687041566979458,0.0
1545,1.0847275408569401,4.334066625941771,0.0
1546,2.261906918676268,7.88084757568903,0.0
1547,1.8808397337627907,3.620339192205714,0.0
1548,2.470120077640562,8.918488412673046,0.0
1549,3.148292503267234,10.180475831374663,0.0
1550,3.123034265923279,9.907700136119784,0.0
1551,0.4079872159788123,1.5476868264971912,0.0
1552,1.5100737774438984,4.695336927500571,0.0
1553,2.412232077006325,9.309973634902908,0.0
1554,1.1697927794771426,2.2404276992931242,0.0
1555,1.0242250665113959,1.896356031051491,0.0
1556,0.6064674514787586,0.7555049091156609,0.0
1557,1.6470840506421949,6.389035202432493,0.0
1558,1.876794624314212,4.392028997366528,0.0
1559,17.123872173174114,25.01976861784369,0.0
1560,0.7003834930466158,0.6428780449992232,0.0
1561,0.9201293477562942,2.9543890770423364,0.0
1562,0.4245660997467278,0.42314374188811255,0.0
1563,0.8433005749093905,2.1050457620875713,0.0
1564,0.662520406848467,0.5143868900224534,0.0
1565,4.4125780516976425,9.222264300824298,0.0
1566,1.1491441071239084,4.769767970176625,0.0
1567,1.066949727553692,2.5764528780876192,0.0
1568,0.6956060040936785,0.5659596110022004,0.0
1569,0.6714752786403495,0.5491810078253834,0.0
1570,1.2907762504323486,4.221839647118699,0.0
1571,0.32403994257459107,0.49957478370176256,0.0
1572,2.856072276719604,8.910174255542957,0.0
1573,2.1626799606069396,8.072497676273175,0.0
1574,3.717545469081974,5.31005483307951,0.0
1575,1.2587334138479982,1.93195278336561,0.0
1576,0.1422588984322123,0.1285247397401771,0.0
1577,0.4333758437316298,0.31762075039510196,0.0
1578,4.005017120602805,9.860877663953204,0.0
1579,2.271923891916628,5.974570186151029,0.0
1580,1.6395981046076222,2.0816545250643985,0.0
1581,5.407663786924188,10.717343288280103,0.0
1582,24.165502370826083,34.889815736323335,0.0
1583,0.2659569554873025,0.2948403712301429,0.0
1584,0.6591602684373896,1.902322824148321,0.0
1585,1.1287200840563527,3.295694013893054,0.0
1586,0.9630689451987459,1.2735303052600335,0.0
1587,1.0631533907882966,4.439803877022909,0.0
1588,3.274557554131926,11.00541059246819,0.0
1589,1.5861067735591299,6.740463708703094,0.0
1590,1.0231496278072272,2.3919904632105897,0.0
1591,0.9809072294172855,5.2829428398020415,0.0
1592,1.3790536653742849,2.2228382659149317,0.0
1593,0.8475422309809326,0.6295255415380197,0.0
1594,23.81194923643406,20.729786211578112,0.0
1595,6.752066366097675,11.725231530867227,0.0
1596,2.5311679945840324,7.870171298748662,0.0
1597,3.204815483558763,11.030768658402986,0.0
1598,0.7991378540268412,1.2560471480042816,0.0
1599,0.3333333333333333,0.2886751345948129,0.0
1600,1.2227344786026761,2.687725836377999,0.0
1601,0.9387038994160574,2.2118816913871084,0.0
1602,1.2536020852032561,0.9833390408919197,0.0
1603,2.339934392588413,10.412790375256003,0.0
1604,4.0349944571753875,7.177607932460923,0.0
1605,1.5994702637757154,2.474583450733821,0.0
1606,0.18633899812498247,0.17430417219459907,0.0
1607,0.7222440196212332,0.8903269737963756,0.0
1608,0.44368871959954903,0.6020966922348522,0.0
1609,0.7237103482579603,0.7139085679770423,0.0
1610,3.1515149446481088,7.266113805096385,0.0
1611,0.680926751022232,2.4683623002554866,0.0
1612,11.019492975815613,24.14435143971765,0.0
1613,0.899898017577608,2.0871252021433953,0.0
1614,2.061096955050475,5.466528059391946,0.0
1615,1.7567266519170484,6.205893039165021,0.0
1616,0.48846492214834425,0.42790483387810757,0.0
1617,1.9677959513213095,8.498151390355378,0.0
1618,0.0,0.0,0.0
1619,3.557468582408721,11.777873268168326,0.0
1620,0.12422599874998831,0.21516574145596762,0.0
1621,20.130365546472888,36.35103553933834,0.0
1622,0.16666666666666666,0.2886751345948129,0.0
1623,1.7900154362225855,3.79407871660778,0.0
1624,0.5121592075365349,0.7343833384029355,0.0
1625,0.6776294717346786,1.2377574371211317,0.0
1626,1.8271724422411753,3.0430825202638214,0.0
1627,1.0452227476248357,1.6099299846795445,0.0
1628,1.1039576846023649,2.3857330138242525,0.0
1629,1.1674272781598978,5.20962369008555,0.0
1630,1.655986802079568,2.2666533447249666,0.0
1631,0.502012054840958,0.586860100212315,0.0
1632,0.36430699663607025,0.5596407417106593,0.0
1633,0.25337653135367266,0.3938352566509664,0.0
1634,1.04835746905637,3.583038140775327,0.0
1635,0.7914128486496832,0.5760605231211677,0.0
1636,0.47896224130886905,0.3609290252058114,0.0
1637,2.935261322247994,15.399016878482735,0.0
1638,1.284169684119415,3.106890943744119,0.0
1639,2.044882399825516,4.2930799471873184,0.0
1640,0.24642556509887897,0.20424929132341213,0.0
1641,1.6932322350730167,8.037248229747604,0.0
1642,0.9867113511494807,1.1650572040670686,0.0
1643,2.5951791959810664,6.436865539999742,0.0
1644,4.226934584693562,9.157349386031841,0.0
1645,1.6388111673040917,2.9170434412336776,0.0
1646,0.5255024833543499,0.3495997548047822,0.0
1647,3.542345702131881,12.641289732831485,0.0
1648,0.125,0.25,0.0
1649,0.6711647326534075,2.1509330466964234,0.0
1650,2.9578757008490286,9.925286423291583,0.0
1651,0.5023905194670261,0.5029479022590296,0.0
1652,6.63461402053227,17.915504426270463,0.0
1653,3.920880904746796,7.02787602076836,0.0
1654,5.173399832499285,10.96076381773177,0.0
1655,1.5918669233272833,4.377937882304707,0.0
1656,1.1967381559822836,1.525687749420236,0.0
1657,0.28772942704133386,0.3002369360642918,0.0
1658,0.26459266471404835,0.21362974238680776,0.0
1659,0.18035113019775792,0.2767546996957227,0.0
1660,0.0,0.0,1.0
1661,0.948773288537601,2.4874224781137895,0.0
1662,0.4496919342675044,0.5081956186645978,0.0
1663,1.0630641398663536,5.1800894749919,0.0
1664,0.8520167535387366,0.7312162919717169,0.0
1665,0.631202974683427,0.5845317005659448,0.0
1666,1.1313408627544748,1.2554296722968732,0.0
1667,1.1382779977221396,3.1020984814315393,0.0
1668,0.21428571428571427,0.26726124191242434,0.0
1669,0.08333333333333333,0.11785113019775792,0.0
1670,2.9094649938586308,7.545709455053435,0.0
1671,0.1875,0.25877458475338283,0.0
1672,0.4139157666754241,0.544107681285269,0.0
1673,0.45069390943299864,0.6373774391990981,0.0
1674,2.9015605701100244,7.167324173132814,0.0
1675,0.9648261414728163,1.0224181978743763,0.0
1676,0.6504680322520817,0.554952075278721,0.0
1677,0.45245964576934605,0.2069306825285852,0.0
1678,3.607413885260784,5.863793126228908,0.0
1679,0.3428450541398298,0.4161155418341393,0.0
1680,2.04516992813444,5.496978466861144,0.0
1681,0.36040198180393884,0.2589309502387054,0.0
1682,0.5773323690447907,0.9317067351719379,0.0
1683,0.14142135623730953,0.20000000000000004,0.0
1684,0.6502062738607342,0.4771988928953171,0.0
1685,6.8220183247027455,17.168832099071587,0.0
1686,0.7557467337727556,0.7632026081186658,0.0
1687,0.6487593661794673,1.0223914665048903,0.0
1688,0.8389406828609883,1.6925392597020692,0.0
1689,0.4642857142857143,0.30374644814697793,0.0
1690,0.9485043703564092,1.0032008711823803,0.0
1691,0.5862906332710649,0.7679065777107954,0.0
1692,1.8310380763555896,2.246408611848408,0.0
1693,0.8899164297146249,3.3047741090471905,0.0
1694,0.37173181064604055,0.5162205546223624,0.0
1695,1.1166363478049708,5.05369032526222,0.0
1696,0.554451113660034,0.5023597493097289,0.0
1697,0.0,0.0,0.0
1698,0.23994972027468375,0.2838882583761837,0.0
1699,0.430369775820443,0.46570436322414327,0.0
1700,1.0822856603325133,1.764473016575929,0.0
1701,0.5778622754119236,0.43114764869206335,0.0
1702,0.34007335241998016,0.2702200572599404,0.0
1703,0.21411677590276026,0.30158453481193787,0.0
1704,0.24571067811865474,0.36647913789111114,0.0
1705,0.3900223842117821,0.6287344454855774,0.0
1706,1.6696417303599038,6.043728606056548,0.0
1707,2.407164367370002,4.850484518358592,0.0
1708,0.5074684473410886,0.40279808831345326,0.0
1709,1.5951925780987273,1.3903384329608757,0.0
1710,1.0307764064044151,1.4577379737113252,0.0
1711,5.053333277821942,9.387986250585602,0.0
1712,1.6856696179107593,5.323728826548095,0.0
1713,0.4423372895435034,0.42251804045181024,0.0
1714,13.94403408240361,9.516688933472006,0.0
1715,0.8911878480638394,0.8598370467107479,0.0
1716,0.3908123137303885,0.3584841558597361,0.0
1717,0.8935890461781459,1.8528621629198496,0.0
1718,0.6009252125773316,1.0408329997330663,0.0
1719,1.632608581644211,3.291268824448796,0.0
1720,1.0654488870349463,2.1568672833894227,0.0
1721,0.10854843719907621,0.2642912420219891,0.0
1722,0.4138000472250508,0.35968509004135224,0.0
1723,0.3391929667467178,0.29895348264451743,0.0
1724,0.2518673124939569,0.2734908586076051,0.0
1725,0.0,0.0,1.0
1726,1.4660704049822733,8.554350380639372,0.0
1727,2.1879291651085153,4.153926956521391,0.0
1728,3.8538462695476516,8.004892555719934,0.0
1729,1.66159982456846,5.106723321917449,0.0
1730,0.3296579034818722,0.3705395874595345,0.0
1731,0.6749799903654942,2.4056677609423103,0.0
1732,0.5225664464766567,1.2590777968872593,0.0
1733,1.877593036103541,6.124444210955939,0.0
1734,1.4553750257393294,4.952180975185444,0.0
1735,3.999398634825353,15.962700688251603,0.0
1736,2.620596373431991,6.886928134297328,0.0
1737,1.4999641987366932,5.332472225873976,0.0
1738,1.584544051262712,3.897219536599474,0.0
1739,1.7615277581188102,5.171156544278806,0.0
1740,2.9037065762834326,4.918386188800815,0.0
1741,0.2896054701618019,0.3249418099079951,0.0
1742,0.1595177968644246,0.28629510470880254,0.0
1743,0.15497659510416542,0.19223479437392474,0.0
1744,0.5177338309080325,0.5414170451565683,0.0
1745,1.6592777671586432,7.110708746848027,0.0
1746,2.328514493432869,7.954697822284542,0.0
1747,6.072914205733131,18.104119809547065,0.0
1748,0.25,0.3535533905932738,0.0
1749,2.9058438999583727,10.146969861183539,0.0
1750,0.6136345450299544,1.8588177271702846,0.0
1751,1.2987846379506105,1.8449351440626471,0.0
1752,0.08838834764831845,0.125,0.0
1753,1.6725881306097214,4.49947856774769,0.0
1754,2.6099449641762194,4.480824781494278,0.0
1755,0.9234003756166506,1.1993493650728773,0.0
1756,3.592403242497649,8.61827005579862,0.0
1757,0.3510152544552211,0.2738667674795401,0.0
1758,2.0430276064962722,6.901194093969577,0.0
1759,0.7076151504040988,1.000860380641979,0.0
1760,0.453596122763826,0.2764156121917988,0.0
1761,0.30109335095177653,0.2988110219637425,0.0
1762,2.962389807850014,5.307347692386391,0.0
1763,0.5573593374995122,0.9380196560440448,0.0
1764,0.4890298708507256,0.5315893786878173,0.0
1765,1.0065565262716982,3.2381272213048833,0.0
1766,1.2323640129494893,1.3574040805045464,0.0
1767,3.8580418487882095,7.178832226334829,0.0
1768,0.6557731483044931,2.4063842025568745,0.0
1769,0.5133807354234866,0.5153440767099364,0.0
1770,0.9975290081258638,2.9945962688535332,0.0
1771,4.00003496422954,13.89865305226708,0.0
1772,5.622707411383127,14.257331062054522,0.0
1773,4.153514455675768,8.84038351435082,0.0
1774,0.17184504636903594,0.18802246178245127,0.0
1775,2.8876031323267486,9.870622296270318,0.0
1776,3.0812782026458834,9.068723648891917,0.0
1777,0.03214121732666125,0.04545454545454546,0.0
1778,0.52628002758836,1.4818910008617767,0.0
1779,2.186932773779315,1.9137087823679944,0.0
1780,0.24822747428377942,0.2979393591959614,0.0
1781,1.708459251737338,5.052562468354038,0.0
1782,1.3804384050416765,0.8668306273247487,0.0
1783,1.809484363620073,4.737520742225468,0.0
1784,1.3548789265965218,4.414425049686412,0.0
1785,0.9736032088272966,0.9100248280359099,0.0
1786,0.14285714285714285,0.24397501823713333,0.0
1787,7.152547700113928,15.002103654219846,0.0
1788,3.197896320115974,8.223683416123466,0.0
1789,1.4165167904946032,4.394239081196965,0.0
1790,0.3914213562373095,0.27223455392672247,0.0
1791,0.6666666666666666,0.7637626158259733,0.0
1792,0.22534695471649932,0.31868871959954903,0.0
1793,0.751506388218485,0.903086719236741,0.0
1794,0.35298388989728136,0.3360362698677915,0.0
1795,10.614542767346743,14.886114883122733,0.0
1796,1.7677520243152727,3.622481642319365,0.0
1797,0.7935047179206706,0.8944893745715098,0.0
1798,0.16666666666666666,0.25819888974716115,0.0
1799,0.3861392505425298,0.41330810768835474,0.0
1800,3.4370288089110637,11.265498588626784,0.0
1801,4.2207680763317335,11.483766444014424,0.0
1802,10.191605165873021,11.501465654019945,0.0
1803,3.128442136827347,8.129343482243662,0.0
1804,5.016083361994252,18.473076899836457,0.0
1805,1.0283977104868227,1.646436296327959,0.0
1806,2.3142598505855054,5.153387505458375,0.0
1807,3.5676225570495856,7.842519827637446,0.0
1808,1.3964399996053767,6.801921022643763,0.0
1809,1.397660943938012,1.956819236343633,0.0
1810,3.4807849679344858,8.725993171932721,0.0
1811,2.894649590917968,11.415596028811203,0.0
1812,0.5897023439526338,0.6850496355201068,0.0
1813,9.858508989039677,20.06263376733845,0.0
1814,2.8544634920018104,7.148009713147293,0.0
1815,0.5736272175066137,0.45976397659196183,0.0
1816,3.4237350684029026,6.853950157207596,0.0
1817,0.7872053427272976,0.7989678899377121,0.0
1818,0.780553050474382,1.793494481035582,0.0
1819,1.518418139504976,1.793719631151932,0.0
1820,0.31964761596013597,0.22384803276352824,0.0
1821,0.0,0.0,0.0
1822,0.4607075214724777,0.31455493212507923,0.0
1823,0.0,0.0,1.0
1824,3.417384420225125,8.224010906715458,0.0
1825,0.9790289907931835,1.292556920209764,0.0
1826,1.878608787875726,13.410928628880674,0.0
1827,0.6353011755550997,0.9483294029288204,0.0
1828,0.579742717754168,0.8074522045077795,0.0
1829,0.6208920441610865,1.0309534519568735,0.0
1830,2.413503323296553,5.9390873208209305,0.0
1831,2.384557651563582,6.438473925502224,0.0
1832,0.6350177339113489,1.6636356784241497,0.0
1833,1.3642631958950304,7.623505201005299,0.0
1834,0.0,0.0,0.0
1835,1.2453081421925996,3.2052349960176323,0.0
1836,0.3242295401695068,0.28336954316833246,0.0
1837,0.5,0.7071067811865476,0.0
1838,1.484083073759177,4.433737752976548,0.0
1839,0.4762300698254992,0.3176207986547973,0.0
1840,2.3002451047882952,5.954866686638437,0.0
1841,0.35474671838968147,0.31491771390490586,0.0
1842,2.9651323802241456,10.61617681302353,0.0
1843,0.7386951910152015,0.8736270763110361,0.0
1844,4.534284972178944,9.246734616767553,0.0
1845,3.6496748844721645,6.9023679989404165,0.0
1846,0.879902806486554,5.080298034552057,0.0
1847,4.767389396387112,13.799186802268977,0.0
1848,1.665149293017753,6.303872768338074,0.0
1849,1.4151267299558965,2.9289835707056153,0.0
1850,5.073932690456381,7.748575053827512,0.0
1851,2.0009638758105024,6.096664434921076,0.0
1852,0.23570226039551587,0.408248290463863,0.0
1853,1.6351690885240269,5.533914964175856,0.0
1854,0.6686281235128309,1.8433923907537293,0.0
1855,2.504000298264954,6.739689897596322,0.0
1856,0.9598337588143846,3.8310599959145892,0.0
1857,3.1056741270108965,7.992578179978201,0.0
1858,5.248176890016789,17.927060374420883,0.0
1859,4.976564933287344,9.051615519206717,0.0
1860,2.5142193648413853,6.204154059604464,0.0
1861,2.784910371776231,7.694222130797235,0.0
1862,0.9785788289551266,2.669786006704043,0.0
1863,0.3070574470947974,0.7015309852735685,0.0
1864,1.800971500225806,6.533489981623656,0.0
1865,0.6002712344004587,0.7842593990262443,0.0
1866,2.7951942134980134,4.499979828634911,0.0
1867,3.847623048406321,8.750256632961083,0.0
1868,2.756280211055645,12.312305997076619,0.0
1869,2.0004696212195574,4.320448204727663,0.0
1870,1.772704067996983,5.0599111686922935,0.0
1871,2.578296879809362,3.9453518934368623,0.0
1872,1.0664602206436908,1.3806777177144045,0.0
1873,1.867610653665388,6.698744502350602,0.0
1874,0.40213205654115003,0.2871366970697961,0.0
1875,0.3979216132196357,0.4294379023281572,0.0
1876,1.452456152755568,7.366285445937925,0.0
1877,1.2015458567442923,3.093526292440408,0.0
1878,0.9915041118460475,1.0642545840210431,0.0
1879,1.3739822030982578,4.131482993501727,0.0
1880,4.450332616482524,10.793235368344845,0.0
1881,0.2804072872449097,0.31307253999216617,0.0
1882,1.250278188681851,3.1677651368373847,0.0
1883,1.3205261484746187,2.511740774507321,0.0
1884,0.5143130727139218,0.3082133127235255,0.0
1885,0.30177669529663687,0.2948012351304763,0.0
1886,0.16666666666666666,0.23570226039551584,0.0
1887,1.776049071573996,5.202036392573554,0.0
1888,1.533002573106794,1.640581055161066,0.0
1889,0.6605253643091213,0.5084850282194369,0.0
1890,0.38933105621499137,0.3576261050119262,0.0
1891,0.2410563938541084,0.2246773877036961,0.0
1892,1.201742672612364,1.0728435954449855,0.0
1893,0.7750395552692629,0.8476367691336854,0.0
1894,0.25,0.3535533905932738,0.0
1895,0.463415776431139,0.3295549493124943,0.0
1896,1.3765459516867755,3.307478064169436,0.0
1897,1.4135467618554038,1.4360129799326704,0.0
1898,2.0543516296106255,3.856285994938236,0.0
1899,0.9708567949894071,1.0577922765588128,0.0
1900,1.1730132505206845,1.1601540371252028,0.0
1901,0.8078951220204578,0.8166408502463853,0.0
1902,0.5138254046009836,0.4099610162556291,0.0
1903,0.700498071042012,0.538398737498037,0.0
1904,0.23570226039551587,0.408248290463863,0.0
1905,0.49642640583523634,0.6408978713770224,0.0
1906,0.33838834764831843,0.26127657135166343,0.0
1907,0.0,0.0,0.0
1908,1.4662462191992645,3.2899564297165877,0.0
1909,0.8867527182278498,0.589418576081453,0.0
1910,0.7792203741718858,0.6835326687011468,0.0
1911,0.28856180831641265,0.3143852997047203,0.0
1912,0.8861964910892859,1.0710306273764203,0.0
1913,10.393231891904005,25.01574636483245,0.0
